1,Agriculture, 
2,Bank, 
3,Barangay Hall, 
4,Checkpoint, 
5,Church, 
6,City Hall, 
7,City Health Office, 
8,Clinic, 
9,Convenience Store, 
10,Department Store, 
11,Gas Station, 
12,Government Office, 
13,Hardware, 
14,Hospital, 
15,Hotel, 
28,Insurance, 
30,Laboratory, 
16,Mall, 
17,Market, 
29,Military Installation, 
18,Pharmacy/Drugstore, 
27,Police Station, 
19,Public Vehicle, 
20,Remittance Center, 
21,Restaurant, 
26,Roving Team, 
22,School, 
23,Store, 
24,Supermarket, 
25,Others,
