PROVINCE CODE,CODE,NAME,TYPE,INCOME CLASSIFICATION,URBAN/RURAL,POPULATION
12800000,12801000,ADAMS,Mun,5th,None,1792
12800000,12802000,BACARRA,Mun,3rd,None,32215
12800000,12803000,BADOC,Mun,3rd,None,31616
12800000,12804000,BANGUI,Mun,4th,None,14672
12800000,12805000,CITY OF BATAC,City,5th,None,55201
12800000,12806000,BURGOS,Mun,5th,None,9777
12800000,12807000,CARASI,Mun,5th,None,1567
12800000,12808000,CURRIMAO,Mun,4th,None,12184
12800000,12809000,DINGRAS,Mun,2nd,None,38562
12800000,12810000,DUMALNEG,Mun,5th,None,2947
12800000,12811000,BANNA (ESPIRITU),Mun,4th,None,19438
12800000,12812000,CITY OF LAOAG (Capital),City,3rd,None,111125
12800000,12813000,MARCOS,Mun,4th,None,17777
12800000,12814000,NUEVA ERA,Mun,3rd,None,9506
12800000,12815000,PAGUDPUD,Mun,4th,None,23770
12800000,12816000,PAOAY,Mun,4th,None,24866
12800000,12817000,PASUQUIN,Mun,3rd,None,28980
12800000,12818000,PIDDIG,Mun,3rd,None,21497
12800000,12819000,PINILI,Mun,3rd,None,17300
12800000,12820000,SAN NICOLAS,Mun,2nd,None,36736
12800000,12821000,SARRAT,Mun,4th,None,25212
12800000,12822000,SOLSONA,Mun,3rd,None,24121
12800000,12823000,VINTAR,Mun,1st,None,32220
12900000,12901000,ALILEM,Mun,4th,None,6695
12900000,12902000,BANAYOYO,Mun,4th,None,7748
12900000,12903000,BANTAY,Mun,3rd,None,35731
12900000,12904000,BURGOS,Mun,4th,None,12224
12900000,12905000,CABUGAO,Mun,1st,None,37501
12900000,12906000,CITY OF CANDON,City,4th,None,60623
12900000,12907000,CAOAYAN,Mun,4th,None,19861
12900000,12908000,CERVANTES,Mun,4th,None,17211
12900000,12909000,GALIMUYOD,Mun,4th,None,10748
12900000,12910000,GREGORIO DEL PILAR (CONCEPCION),Mun,5th,None,4875
12900000,12911000,LIDLIDDA,Mun,5th,None,4647
12900000,12912000,MAGSINGAL,Mun,3rd,None,30792
12900000,12913000,NAGBUKEL,Mun,5th,None,5259
12900000,12914000,NARVACAN,Mun,2nd,None,44006
12900000,12915000,QUIRINO (ANGKAKI),Mun,4th,None,8573
12900000,12916000,SALCEDO (BAUGEN),Mun,4th,None,11288
12900000,12917000,SAN EMILIO,Mun,4th,None,7407
12900000,12918000,SAN ESTEBAN,Mun,5th,None,8349
12900000,12919000,SAN ILDEFONSO,Mun,5th,None,7787
12900000,12920000,SAN JUAN (LAPOG),Mun,3rd,None,26411
12900000,12921000,SAN VICENTE,Mun,5th,None,12758
12900000,12922000,SANTA,Mun,4th,None,15340
12900000,12923000,SANTA CATALINA,Mun,5th,None,13945
12900000,12924000,SANTA CRUZ,Mun,1st,None,39868
12900000,12925000,SANTA LUCIA,Mun,3rd,None,25402
12900000,12926000,SANTA MARIA,Mun,3rd,None,30321
12900000,12927000,SANTIAGO,Mun,4th,None,18759
12900000,12928000,SANTO DOMINGO,Mun,3rd,None,27975
12900000,12929000,SIGAY,Mun,5th,None,2737
12900000,12930000,SINAIT,Mun,3rd,None,25640
12900000,12931000,SUGPON,Mun,5th,None,4585
12900000,12932000,SUYO,Mun,4th,None,11446
12900000,12933000,TAGUDIN,Mun,2nd,None,39277
12900000,12934000,CITY OF VIGAN (Capital),City,4th,None,53879
13300000,13301000,AGOO,Mun,1st,None,63692
13300000,13302000,ARINGAY,Mun,2nd,None,47458
13300000,13303000,BACNOTAN,Mun,1st,None,42078
13300000,13304000,BAGULIN,Mun,5th,None,13456
13300000,13305000,BALAOAN,Mun,1st,None,39188
13300000,13306000,BANGAR,Mun,3rd,None,35947
13300000,13307000,BAUANG,Mun,1st,None,75032
13300000,13308000,BURGOS,Mun,5th,None,8067
13300000,13309000,CABA,Mun,4th,None,22039
13300000,13310000,LUNA,Mun,3rd,None,35802
13300000,13311000,NAGUILIAN,Mun,1st,None,54221
13300000,13312000,PUGO,Mun,5th,None,19690
13300000,13313000,ROSARIO,Mun,1st,None,55458
13300000,13314000,CITY OF SAN FERNANDO (Capital),City,3rd,None,121812
13300000,13315000,SAN GABRIEL,Mun,4th,None,18172
13300000,13316000,SAN JUAN,Mun,2nd,None,37188
13300000,13317000,SANTO TOMAS,Mun,4th,None,39092
13300000,13318000,SANTOL,Mun,4th,None,12476
13300000,13319000,SUDIPEN,Mun,4th,None,17056
13300000,13320000,TUBAO,Mun,4th,None,28729
15500000,15501000,AGNO,Mun,3rd,None,28052
15500000,15502000,AGUILAR,Mun,3rd,None,41463
15500000,15503000,CITY OF ALAMINOS,City,4th,None,89708
15500000,15504000,ALCALA,Mun,3rd,None,43402
15500000,15505000,ANDA,Mun,3rd,None,39504
15500000,15506000,ASINGAN,Mun,2nd,None,57355
15500000,15507000,BALUNGAO,Mun,4th,None,31106
15500000,15508000,BANI,Mun,2nd,None,50306
15500000,15509000,BASISTA,Mun,4th,None,32959
15500000,15510000,BAUTISTA,Mun,4th,None,32307
15500000,15511000,BAYAMBANG,Mun,1st,None,118205
15500000,15512000,BINALONAN,Mun,1st,None,54555
15500000,15513000,BINMALEY,Mun,1st,None,83052
15500000,15514000,BOLINAO,Mun,1st,None,82084
15500000,15515000,BUGALLON,Mun,2nd,None,67348
15500000,15516000,BURGOS,Mun,4th,None,21637
15500000,15517000,CALASIAO,Mun,1st,None,95154
15500000,15518000,CITY OF DAGUPAN,City,2nd,None,171271
15500000,15519000,DASOL,Mun,3rd,None,29110
15500000,15520000,INFANTA,Mun,3rd,None,24584
15500000,15521000,LABRADOR,Mun,4th,None,23201
15500000,15522000,LINGAYEN (Capital),Mun,1st,None,103278
15500000,15523000,MABINI,Mun,3rd,None,24765
15500000,15524000,MALASIQUI,Mun,1st,None,130275
15500000,15525000,MANAOAG,Mun,1st,None,69497
15500000,15526000,MANGALDAN,Mun,1st,None,106331
15500000,15527000,MANGATAREM,Mun,1st,None,73241
15500000,15528000,MAPANDAN,Mun,3rd,None,37059
15500000,15529000,NATIVIDAD,Mun,4th,None,24299
15500000,15530000,POZORRUBIO,Mun,1st,None,69555
15500000,15531000,ROSALES,Mun,1st,None,63081
15500000,15532000,CITY OF SAN CARLOS,City,3rd,None,188571
15500000,15533000,SAN FABIAN,Mun,1st,None,83025
15500000,15534000,SAN JACINTO,Mun,3rd,None,40848
15500000,15535000,SAN MANUEL,Mun,1st,None,52939
15500000,15536000,SAN NICOLAS,Mun,1st,None,35574
15500000,15537000,SAN QUINTIN,Mun,3rd,None,32945
15500000,15538000,SANTA BARBARA,Mun,1st,None,82012
15500000,15539000,SANTA MARIA,Mun,4th,None,33038
15500000,15540000,SANTO TOMAS,Mun,5th,None,15022
15500000,15541000,SISON,Mun,3rd,None,47518
15500000,15542000,SUAL,Mun,1st,None,34149
15500000,15543000,TAYUG,Mun,3rd,None,43149
15500000,15544000,UMINGAN,Mun,1st,None,73252
15500000,15545000,URBIZTONDO,Mun,3rd,None,50170
15500000,15546000,CITY OF URDANETA,City,2nd,None,132940
15500000,15547000,VILLASIS,Mun,1st,None,62333
15500000,15548000,LAOAC,Mun,4th,None,31497
20900000,20901000,BASCO (Capital),Mun,5th,None,8579
20900000,20902000,ITBAYAT,Mun,5th,None,2867
20900000,20903000,IVANA,Mun,6th,None,1327
20900000,20904000,MAHATAO,Mun,6th,None,1555
20900000,20905000,SABTANG,Mun,6th,None,1621
20900000,20906000,UYUGAN,Mun,6th,None,1297
21500000,21501000,ABULUG,Mun,3rd,None,32497
21500000,21502000,ALCALA,Mun,3rd,None,38883
21500000,21503000,ALLACAPAN,Mun,3rd,None,33571
21500000,21504000,AMULUNG,Mun,2nd,None,47860
21500000,21505000,APARRI,Mun,1st,None,65649
21500000,21506000,BAGGAO,Mun,1st,None,82782
21500000,21507000,BALLESTEROS,Mun,4th,None,34299
21500000,21508000,BUGUEY,Mun,3rd,None,30175
21500000,21509000,CALAYAN,Mun,3rd,None,16702
21500000,21510000,CAMALANIUGAN,Mun,4th,None,24923
21500000,21511000,CLAVERIA,Mun,3rd,None,29921
21500000,21512000,ENRILE,Mun,3rd,None,35834
21500000,21513000,GATTARAN,Mun,1st,None,56661
21500000,21514000,GONZAGA,Mun,1st,None,38892
21500000,21515000,IGUIG,Mun,4th,None,27862
21500000,21516000,LAL-LO,Mun,1st,None,44506
21500000,21517000,LASAM,Mun,3rd,None,39135
21500000,21518000,PAMPLONA,Mun,4th,None,23596
21500000,21519000,PEABLANCA,Mun,1st,None,48584
21500000,21520000,PIAT,Mun,4th,None,23597
21500000,21521000,RIZAL,Mun,5th,None,17994
21500000,21522000,SANCHEZ-MIRA,Mun,3rd,None,24541
21500000,21523000,SANTA ANA,Mun,2nd,None,32906
21500000,21524000,SANTA PRAXEDES,Mun,5th,None,4154
21500000,21525000,SANTA TERESITA,Mun,4th,None,19038
21500000,21526000,SANTO NIO (FAIRE),Mun,2nd,None,27219
21500000,21527000,SOLANA,Mun,1st,None,82502
21500000,21528000,TUAO,Mun,1st,None,61535
21500000,21529000,TUGUEGARAO CITY (Capital),City,3rd,None,153502
23100000,23101000,ALICIA,Mun,1st,None,71504
23100000,23102000,ANGADANAN,Mun,3rd,None,43061
23100000,23103000,AURORA,Mun,3rd,None,35017
23100000,23104000,BENITO SOLIVEN,Mun,4th,None,29624
23100000,23105000,BURGOS,Mun,4th,None,23784
23100000,23106000,CABAGAN,Mun,1st,None,50174
23100000,23107000,CABATUAN,Mun,3rd,None,39413
23100000,23108000,CITY OF CAUAYAN,City,3rd,None,129523
23100000,23109000,CORDON,Mun,3rd,None,42926
23100000,23110000,DINAPIGUE,Mun,1st,None,5005
23100000,23111000,DIVILACAN,Mun,2nd,None,5687
23100000,23112000,ECHAGUE,Mun,1st,None,79094
23100000,23113000,GAMU,Mun,4th,None,29904
23100000,23114000,CITY OF ILAGAN (Capital),City,1st (as Mun),None,145568
23100000,23115000,JONES,Mun,1st,None,45666
23100000,23116000,LUNA,Mun,5th,None,19326
23100000,23117000,MACONACON,Mun,3rd,None,4253
23100000,23118000,DELFIN ALBANO (MAGSAYSAY),Mun,4th,None,26614
23100000,23119000,MALLIG,Mun,4th,None,30459
23100000,23120000,NAGUILIAN,Mun,4th,None,31902
23100000,23121000,PALANAN,Mun,1st,None,17260
23100000,23122000,QUEZON,Mun,4th,None,25860
23100000,23123000,QUIRINO,Mun,4th,None,24501
23100000,23124000,RAMON,Mun,2nd,None,52707
23100000,23125000,REINA MERCEDES,Mun,4th,None,26998
23100000,23126000,ROXAS,Mun,1st,None,61773
23100000,23127000,SAN AGUSTIN,Mun,3rd,None,22880
23100000,23128000,SAN GUILLERMO,Mun,4th,None,20200
23100000,23129000,SAN ISIDRO,Mun,5th,None,24861
23100000,23130000,SAN MANUEL,Mun,4th,None,31896
23100000,23131000,SAN MARIANO,Mun,1st,None,55370
23100000,23132000,SAN MATEO,Mun,1st,None,64505
23100000,23133000,SAN PABLO,Mun,2nd,None,25384
23100000,23134000,SANTA MARIA,Mun,4th,None,25382
23100000,23135000,CITY OF SANTIAGO,City,1st,None,134830
23100000,23136000,SANTO TOMAS,Mun,4th,None,23005
23100000,23137000,TUMAUINI,Mun,1st,None,67650
25000000,25001000,AMBAGUIO,Mun,5th,None,15250
25000000,25002000,ARITAO,Mun,2nd,None,37225
25000000,25003000,BAGABAG,Mun,2nd,None,35501
25000000,25004000,BAMBANG,Mun,1st,None,53433
25000000,25005000,BAYOMBONG (Capital),Mun,1st,None,61512
25000000,25006000,DIADI,Mun,4th,None,18122
25000000,25007000,DUPAX DEL NORTE,Mun,3rd,None,27514
25000000,25008000,DUPAX DEL SUR,Mun,2nd,None,19111
25000000,25009000,KASIBU,Mun,3rd,None,37705
25000000,25010000,KAYAPA,Mun,3rd,None,23714
25000000,25011000,QUEZON,Mun,4th,None,21056
25000000,25012000,SANTA FE,Mun,3rd,None,16180
25000000,25013000,SOLANO,Mun,1st,None,59517
25000000,25014000,VILLAVERDE,Mun,5th,None,18507
25000000,25015000,ALFONSO CASTANEDA,Mun,1st,None,7940
25700000,25701000,AGLIPAY,Mun,3rd,None,27787
25700000,25702000,CABARROGUIS (Capital),Mun,3rd,None,30582
25700000,25703000,DIFFUN,Mun,2nd,None,52569
25700000,25704000,MADDELA,Mun,1st,None,38499
25700000,25705000,SAGUDAY,Mun,5th,None,16070
25700000,25706000,NAGTIPUNAN,Mun,1st,None,23484
30800000,30801000,ABUCAY,Mun,3rd,None,39880
30800000,30802000,BAGAC,Mun,3rd,None,26936
30800000,30803000,CITY OF BALANGA (Capital),City,4th,None,96061
30800000,30804000,DINALUPIHAN,Mun,1st,None,106371
30800000,30805000,HERMOSA,Mun,1st,None,65862
30800000,30806000,LIMAY,Mun,1st,None,68071
30800000,30807000,MARIVELES,Mun,1st,None,127536
30800000,30808000,MORONG,Mun,3rd,None,29901
30800000,30809000,ORANI,Mun,3rd,None,66909
30800000,30810000,ORION,Mun,2nd,None,56002
30800000,30811000,PILAR,Mun,3rd,None,41823
30800000,30812000,SAMAL,Mun,4th,None,35298
31400000,31401000,ANGAT,Mun,1st,None,59237
31400000,31402000,BALAGTAS (BIGAA),Mun,1st,None,73929
31400000,31403000,BALIUAG,Mun,1st,None,149954
31400000,31404000,BOCAUE,Mun,1st,None,119675
31400000,31405000,BULACAN,Mun,1st,None,76565
31400000,31406000,BUSTOS,Mun,2nd,None,67039
31400000,31407000,CALUMPIT,Mun,1st,None,108757
31400000,31408000,GUIGUINTO,Mun,1st,None,99730
31400000,31409000,HAGONOY,Mun,1st,None,129807
31400000,31410000,CITY OF MALOLOS (Capital),City,3rd,None,252074
31400000,31411000,MARILAO,Mun,1st,None,221965
31400000,31412000,CITY OF MEYCAUAYAN,City,3rd,None,209083
31400000,31413000,NORZAGARAY,Mun,1st,None,111348
31400000,31414000,OBANDO,Mun,2nd,None,59197
31400000,31415000,PANDI,Mun,2nd,None,89075
31400000,31416000,PAOMBONG,Mun,3rd,None,53294
31400000,31417000,PLARIDEL,Mun,1st,None,107805
31400000,31418000,PULILAN,Mun,1st,None,97323
31400000,31419000,SAN ILDEFONSO,Mun,1st,None,104471
31400000,31420000,CITY OF SAN JOSE DEL MONTE,City,1st,None,574089
31400000,31421000,SAN MIGUEL,Mun,1st,None,153882
31400000,31422000,SAN RAFAEL,Mun,1st,None,94655
31400000,31423000,SANTA MARIA,Mun,1st,None,256454
31400000,31424000,DOA REMEDIOS TRINIDAD,Mun,1st,None,22663
34900000,34901000,ALIAGA,Mun,2nd,None,63543
34900000,34902000,BONGABON,Mun,2nd,None,64173
34900000,34903000,CITY OF CABANATUAN,City,1st,None,302231
34900000,34904000,CABIAO,Mun,1st,None,79007
34900000,34905000,CARRANGLAN,Mun,1st,None,41131
34900000,34906000,CUYAPO,Mun,1st,None,65039
34900000,34907000,GABALDON (BITULOK & SABANI),Mun,4th,None,35383
34900000,34908000,CITY OF GAPAN,City,4th,None,110303
34900000,34909000,GENERAL MAMERTO NATIVIDAD,Mun,3rd,None,41656
34900000,34910000,GENERAL TINIO (PAPAYA),Mun,1st,None,47865
34900000,34911000,GUIMBA,Mun,1st,None,118655
34900000,34912000,JAEN,Mun,2nd,None,73184
34900000,34913000,LAUR,Mun,3rd,None,35656
34900000,34914000,LICAB,Mun,4th,None,28254
34900000,34915000,LLANERA,Mun,4th,None,39701
34900000,34916000,LUPAO,Mun,3rd,None,43788
34900000,34917000,SCIENCE CITY OF MUOZ,City,4th,None,81483
34900000,34918000,NAMPICUAN,Mun,5th,None,14954
34900000,34919000,CITY OF PALAYAN (Capital),City,5th,None,41041
34900000,34920000,PANTABANGAN,Mun,1st,None,29925
34900000,34921000,PEARANDA,Mun,4th,None,29882
34900000,34922000,QUEZON,Mun,4th,None,40592
34900000,34923000,RIZAL,Mun,2nd,None,64087
34900000,34924000,SAN ANTONIO,Mun,1st,None,77836
34900000,34925000,SAN ISIDRO,Mun,2nd,None,51612
34900000,34926000,SAN JOSE CITY,City,3rd,None,139738
34900000,34927000,SAN LEONARDO,Mun,1st,None,65299
34900000,34928000,SANTA ROSA,Mun,1st,None,69467
34900000,34929000,SANTO DOMINGO,Mun,3rd,None,57943
34900000,34930000,TALAVERA,Mun,1st,None,124829
34900000,34931000,TALUGTUG,Mun,4th,None,23817
34900000,34932000,ZARAGOZA,Mun,3rd,None,49387
35400000,35401000,CITY OF ANGELES,City,1st,None,411634
35400000,35402000,APALIT,Mun,1st,None,107965
35400000,35403000,ARAYAT,Mun,1st,None,133492
35400000,35404000,BACOLOR,Mun,3rd,None,39460
35400000,35405000,CANDABA,Mun,1st,None,111586
35400000,35406000,FLORIDABLANCA,Mun,1st,None,125163
35400000,35407000,GUAGUA,Mun,1st,None,117430
35400000,35408000,LUBAO,Mun,1st,None,160838
35400000,35409000,MABALACAT CITY,City,3rd,None,250799
35400000,35410000,MACABEBE,Mun,1st,None,75850
35400000,35411000,MAGALANG,Mun,1st,None,113147
35400000,35412000,MASANTOL,Mun,2nd,None,57063
35400000,35413000,MEXICO,Mun,1st,None,154624
35400000,35414000,MINALIN,Mun,4th,None,47713
35400000,35415000,PORAC,Mun,1st,None,124381
35400000,35416000,CITY OF SAN FERNANDO (Capital),City,1st,None,306659
35400000,35417000,SAN LUIS,Mun,3rd,None,54106
35400000,35418000,SAN SIMON,Mun,3rd*,None,53198
35400000,35419000,SANTA ANA,Mun,3rd,None,55178
35400000,35420000,SANTA RITA,Mun,4th,None,40979
35400000,35421000,SANTO TOMAS,Mun,4th,None,40475
35400000,35422000,SASMUAN (Sexmoan),Mun,4th,None,28004
36900000,36901000,ANAO,Mun,5th,None,11528
36900000,36902000,BAMBAN,Mun,2nd,None,69466
36900000,36903000,CAMILING,Mun,1st,None,83248
36900000,36904000,CAPAS,Mun,1st,None,140202
36900000,36905000,CONCEPCION,Mun,1st,None,154188
36900000,36906000,GERONA,Mun,1st,None,87531
36900000,36907000,LA PAZ,Mun,2nd,None,64017
36900000,36908000,MAYANTOC,Mun,3rd,None,32232
36900000,36909000,MONCADA,Mun,1st,None,57787
36900000,36910000,PANIQUI,Mun,1st,None,92606
36900000,36911000,PURA,Mun,4th,None,23712
36900000,36912000,RAMOS,Mun,5th,None,21350
36900000,36913000,SAN CLEMENTE,Mun,5th,None,12657
36900000,36914000,SAN MANUEL,Mun,4th,None,25504
36900000,36915000,SANTA IGNACIA,Mun,2nd,None,47538
36900000,36916000,CITY OF TARLAC (Capital),City,1st,None,342493
36900000,36917000,VICTORIA,Mun,2nd,None,63715
36900000,36918000,SAN JOSE,Mun,3rd,None,36253
37100000,37101000,BOTOLAN,Mun,1st,None,57707
37100000,37102000,CABANGAN,Mun,4th,None,25163
37100000,37103000,CANDELARIA,Mun,3rd,None,27174
37100000,37104000,CASTILLEJOS,Mun,3rd,None,64841
37100000,37105000,IBA (Capital),Mun,2nd,None,50506
37100000,37106000,MASINLOC,Mun,1st,None,47719
37100000,37107000,CITY OF OLONGAPO,City,1st,None,233040
37100000,37108000,PALAUIG,Mun,3rd,None,34947
37100000,37109000,SAN ANTONIO,Mun,2nd,None,34661
37100000,37110000,SAN FELIPE,Mun,4th,None,23183
37100000,37111000,SAN MARCELINO,Mun,1st,None,33665
37100000,37112000,SAN NARCISO,Mun,4th,None,28360
37100000,37113000,SANTA CRUZ,Mun,1st,None,58151
37100000,37114000,SUBIC,Mun,1st,None,104771
37700000,37701000,BALER (Capital),Mun,3rd,None,39562
37700000,37702000,CASIGURAN,Mun,2nd,None,24313
37700000,37703000,DILASAG,Mun,3rd,None,15835
37700000,37704000,DINALUNGAN,Mun,4th,None,11322
37700000,37705000,DINGALAN,Mun,3rd,None,25482
37700000,37706000,DIPACULAO,Mun,3rd,None,29736
37700000,37707000,MARIA AURORA,Mun,2nd,None,40734
37700000,37708000,SAN LUIS,Mun,2nd,None,27352
41000000,41001000,AGONCILLO,Mun,4th,None,38059
41000000,41002000,ALITAGTAG,Mun,4th,None,25300
41000000,41003000,BALAYAN,Mun,1st,None,90699
41000000,41004000,BALETE,Mun,5th,None,22661
41000000,41005000,BATANGAS CITY (Capital),City,1st,None,329874
41000000,41006000,BAUAN,Mun,1st,None,91297
41000000,41007000,CALACA,Mun,1st,None,81859
41000000,41008000,CALATAGAN,Mun,2nd,None,56449
41000000,41009000,CUENCA,Mun,4th,None,32783
41000000,41010000,IBAAN,Mun,2nd,None,52970
41000000,41011000,LAUREL,Mun,3rd,None,39444
41000000,41012000,LEMERY,Mun,1st,None,93157
41000000,41013000,LIAN,Mun,3rd,None,52660
41000000,41014000,CITY OF LIPA,City,1st,None,332386
41000000,41015000,LOBO,Mun,3rd,None,41504
41000000,41016000,MABINI,Mun,1st,None,46211
41000000,41017000,MALVAR,Mun,2nd,None,56270
41000000,41018000,MATAASNAKAHOY,Mun,4th,None,29187
41000000,41019000,NASUGBU,Mun,1st,None,134113
41000000,41020000,PADRE GARCIA,Mun,2nd,None,48302
41000000,41021000,ROSARIO,Mun,1st,None,116764
41000000,41022000,SAN JOSE,Mun,1st,None,76971
41000000,41023000,SAN JUAN,Mun,1st,None,108585
41000000,41024000,SAN LUIS,Mun,4th,None,33149
41000000,41025000,SAN NICOLAS,Mun,5th,None,22623
41000000,41026000,SAN PASCUAL,Mun,1st,None,65424
41000000,41027000,SANTA TERESITA,Mun,5th,None,21127
41000000,41028000,SANTO TOMAS,Mun,1st,None,179844
41000000,41029000,TAAL,Mun,3rd,None,56327
41000000,41030000,TALISAY,Mun,3rd,None,45301
41000000,41031000,CITY OF TANAUAN,City,2nd,None,173366
41000000,41032000,TAYSAN,Mun,2nd,None,38007
41000000,41033000,TINGLOY,Mun,5th,None,17919
41000000,41034000,TUY,Mun,3rd,None,43743
42100000,42101000,ALFONSO,Mun,1st,None,51839
42100000,42102000,AMADEO,Mun,4th,None,37649
42100000,42103000,CITY OF BACOOR,City,1st (as Mun),None,600609
42100000,42104000,CARMONA,Mun,1st,None,97557
42100000,42105000,CITY OF CAVITE,City,4th,None,102806
42100000,42106000,CITY OF DASMARIAS,City,1st (as Mun),None,659019
42100000,42107000,GENERAL EMILIO AGUINALDO,Mun,5th,None,22220
42100000,42108000,CITY OF GENERAL TRIAS,City,1st (as Mun),None,314303
42100000,42109000,CITY OF IMUS,City,3rd,None,403785
42100000,42110000,INDANG,Mun,1st,None,65599
42100000,42111000,KAWIT,Mun,1st,None,83466
42100000,42112000,MAGALLANES,Mun,4th,None,22727
42100000,42113000,MARAGONDON,Mun,3rd,None,37720
42100000,42114000,MENDEZ (MENDEZ-NUEZ),Mun,4th,None,31529
42100000,42115000,NAIC,Mun,1st,None,111454
42100000,42116000,NOVELETA,Mun,3rd,None,45846
42100000,42117000,ROSARIO,Mun,1st,None,110706
42100000,42118000,SILANG,Mun,1st,None,248085
42100000,42119000,CITY OF TAGAYTAY,City,2nd,None,71181
42100000,42120000,TANZA,Mun,1st,None,226188
42100000,42121000,TERNATE,Mun,4th,None,23157
42100000,42122000,CITY OF TRECE MARTIRES (Capital),City,4th,None,155713
42100000,42123000,GEN. MARIANO ALVAREZ,Mun,1st,None,155143
43400000,43401000,ALAMINOS,Mun,3rd,None,47859
43400000,43402000,BAY,Mun,2nd,None,62143
43400000,43403000,CITY OF BIAN,City,1st (as Mun),None,333028
43400000,43404000,CITY OF CABUYAO,City,1st (as Mun),None,308745
43400000,43405000,CITY OF CALAMBA,City,1st,None,454486
43400000,43406000,CALAUAN,Mun,2nd,None,80453
43400000,43407000,CAVINTI,Mun,3rd,None,21702
43400000,43408000,FAMY,Mun,5th,None,16587
43400000,43409000,KALAYAAN,Mun,3rd,None,23269
43400000,43410000,LILIW,Mun,4th,None,36582
43400000,43411000,LOS BAOS,Mun,1st,None,112008
43400000,43412000,LUISIANA,Mun,4th,None,19720
43400000,43413000,LUMBAN,Mun,3rd,None,30652
43400000,43414000,MABITAC,Mun,5th,None,20530
43400000,43415000,MAGDALENA,Mun,4th,None,25266
43400000,43416000,MAJAYJAY,Mun,4th,None,27792
43400000,43417000,NAGCARLAN,Mun,2nd,None,63057
43400000,43418000,PAETE,Mun,4th,None,25096
43400000,43419000,PAGSANJAN,Mun,3rd,None,42164
43400000,43420000,PAKIL,Mun,5th,None,20659
43400000,43421000,PANGIL,Mun,4th,None,24274
43400000,43422000,PILA,Mun,3rd,None,50289
43400000,43423000,RIZAL,Mun,5th,None,17253
43400000,43424000,CITY OF SAN PABLO,City,1st,None,266068
43400000,43425000,CITY OF SAN PEDRO,City,3rd,None,325809
43400000,43426000,SANTA CRUZ (Capital),Mun,1st,None,117605
43400000,43427000,SANTA MARIA,Mun,4th,None,30830
43400000,43428000,CITY OF SANTA ROSA,City,1st,None,353767
43400000,43429000,SINILOAN,Mun,2nd,None,38067
43400000,43430000,VICTORIA,Mun,4th,None,39321
45600000,45601000,AGDANGAN,Mun,5th,None,12851
45600000,45602000,ALABAT,Mun,5th,None,15630
45600000,45603000,ATIMONAN,Mun,1st,None,63432
45600000,45605000,BUENAVISTA,Mun,4th,None,30047
45600000,45606000,BURDEOS,Mun,4th,None,26760
45600000,45607000,CALAUAG,Mun,1st,None,73139
45600000,45608000,CANDELARIA,Mun,1st,None,117434
45600000,45610000,CATANAUAN,Mun,1st,None,71073
45600000,45615000,DOLORES,Mun,4th,None,28891
45600000,45616000,GENERAL LUNA,Mun,4th,None,26494
45600000,45617000,GENERAL NAKAR,Mun,1st,None,29705
45600000,45618000,GUINAYANGAN,Mun,3rd,None,45155
45600000,45619000,GUMACA,Mun,1st,None,73877
45600000,45620000,INFANTA,Mun,1st,None,69079
45600000,45621000,JOMALIG,Mun,5th,None,7417
45600000,45622000,LOPEZ,Mun,1st,None,95167
45600000,45623000,LUCBAN,Mun,2nd,None,51475
45600000,45624000,CITY OF LUCENA (Capital),City,2nd,None,266248
45600000,45625000,MACALELON,Mun,4th,None,28188
45600000,45627000,MAUBAN,Mun,1st,None,63819
45600000,45628000,MULANAY,Mun,1st,None,53123
45600000,45629000,PADRE BURGOS,Mun,4th,None,22460
45600000,45630000,PAGBILAO,Mun,1st,None,75023
45600000,45631000,PANUKULAN,Mun,4th,None,13546
45600000,45632000,PATNANUNGAN,Mun,5th,None,14606
45600000,45633000,PEREZ,Mun,5th,None,12173
45600000,45634000,PITOGO,Mun,4th,None,23019
45600000,45635000,PLARIDEL,Mun,5th,None,10935
45600000,45636000,POLILLO,Mun,3rd,None,30582
45600000,45637000,QUEZON,Mun,5th,None,15228
45600000,45638000,REAL,Mun,1st,None,35979
45600000,45639000,SAMPALOC,Mun,5th,None,13907
45600000,45640000,SAN ANDRES,Mun,4th,None,35780
45600000,45641000,SAN ANTONIO,Mun,4th,None,33467
45600000,45642000,SAN FRANCISCO (AURORA),Mun,2nd,None,61473
45600000,45644000,SAN NARCISO,Mun,3rd,None,48461
45600000,45645000,SARIAYA,Mun,1st,None,148980
45600000,45646000,TAGKAWAYAN,Mun,1st,None,51832
45600000,45647000,CITY OF TAYABAS,City,6th,None,99779
45600000,45648000,TIAONG,Mun,1st,None,99712
45600000,45649000,UNISAN,Mun,4th,None,26884
45800000,45801000,ANGONO,Mun,1st,None,113283
45800000,45802000,CITY OF ANTIPOLO (Capital),City,1st,None,776386
45800000,45803000,BARAS,Mun,4th,None,69300
45800000,45804000,BINANGONAN,Mun,1st,None,282474
45800000,45805000,CAINTA,Mun,1st,None,322128
45800000,45806000,CARDONA,Mun,3rd,None,49034
45800000,45807000,JALA-JALA,Mun,4th,None,32254
45800000,45808000,RODRIGUEZ (MONTALBAN),Mun,1st,None,369222
45800000,45809000,MORONG,Mun,2nd,None,58118
45800000,45810000,PILILLA,Mun,1st,None,64812
45800000,45811000,SAN MATEO,Mun,1st,None,252527
45800000,45812000,TANAY,Mun,1st,None,117830
45800000,45813000,TAYTAY,Mun,1st,None,319104
45800000,45814000,TERESA,Mun,2nd,None,57755
174000000,174001000,BOAC (Capital),Mun,1st,None,54730
174000000,174002000,BUENAVISTA,Mun,4th,None,23988
174000000,174003000,GASAN,Mun,3rd,None,34828
174000000,174004000,MOGPOG,Mun,3rd,None,34043
174000000,174005000,SANTA CRUZ,Mun,1st,None,56408
174000000,174006000,TORRIJOS,Mun,3rd,None,30524
175100000,175101000,ABRA DE ILOG,Mun,2nd,None,31306
175100000,175102000,CALINTAAN,Mun,3rd,None,29826
175100000,175103000,LOOC,Mun,5th,None,10117
175100000,175104000,LUBANG,Mun,4th,None,18803
175100000,175105000,MAGSAYSAY,Mun,3rd,None,36016
175100000,175106000,MAMBURAO (Capital),Mun,2nd,None,42975
175100000,175107000,PALUAN,Mun,3rd,None,16025
175100000,175108000,RIZAL,Mun,3rd,None,38263
175100000,175109000,SABLAYAN,Mun,1st,None,83169
175100000,175110000,SAN JOSE,Mun,1st,None,143430
175100000,175111000,SANTA CRUZ,Mun,1st,None,37484
175200000,175201000,BACO,Mun,3rd,None,37215
175200000,175202000,BANSUD,Mun,2nd,None,40992
175200000,175203000,BONGABONG,Mun,1st,None,72073
175200000,175204000,BULALACAO (SAN PEDRO),Mun,3rd,None,39107
175200000,175205000,CITY OF CALAPAN (Capital),City,3rd,None,133893
175200000,175206000,GLORIA,Mun,3rd,None,45073
175200000,175207000,MANSALAY,Mun,2nd,None,54533
175200000,175208000,NAUJAN,Mun,1st,None,102998
175200000,175209000,PINAMALAYAN,Mun,1st,None,86172
175200000,175210000,POLA,Mun,3rd,None,34701
175200000,175211000,PUERTO GALERA,Mun,1st,None,36606
175200000,175212000,ROXAS,Mun,2nd,None,53201
175200000,175213000,SAN TEODORO,Mun,4th,None,17904
175200000,175214000,SOCORRO,Mun,3rd,None,39099
175200000,175215000,VICTORIA,Mun,2nd,None,50492
175300000,175301000,ABORLAN,Mun,1st,None,35091
175300000,175302000,AGUTAYA,Mun,5th,None,12545
175300000,175303000,ARACELI,Mun,4th,None,14909
175300000,175304000,BALABAC,Mun,2nd,None,40142
175300000,175305000,BATARAZA,Mun,1st,None,75468
175300000,175306000,BROOKE'S POINT,Mun,1st,None,66374
175300000,175307000,BUSUANGA,Mun,3rd,None,22046
175300000,175308000,CAGAYANCILLO,Mun,6th,None,6285
175300000,175309000,CORON,Mun,1st,None,51803
175300000,175310000,CUYO,Mun,4th,None,22360
175300000,175311000,DUMARAN,Mun,3rd,None,23734
175300000,175312000,EL NIDO (BACUIT),Mun,1st,None,41606
175300000,175313000,LINAPACAN,Mun,5th,None,15668
175300000,175314000,MAGSAYSAY,Mun,5th,None,12196
175300000,175315000,NARRA,Mun,1st,None,73212
175300000,175316000,CITY OF PUERTO PRINCESA (Capital),City,1st,None,255116
175300000,175317000,QUEZON,Mun,1st,None,60980
175300000,175318000,ROXAS,Mun,1st,None,65358
175300000,175319000,SAN VICENTE,Mun,1st,None,31232
175300000,175320000,TAYTAY,Mun,1st,None,75165
175300000,175321000,KALAYAAN,Mun,5th,None,184
175300000,175322000,CULION,Mun,3rd,None,20139
175300000,175323000,RIZAL (MARCOS),Mun,1st,None,50096
175300000,175324000,SOFRONIO ESPAOLA,Mun,2nd,None,32876
175900000,175901000,ALCANTARA,Mun,5th,None,16351
175900000,175902000,BANTON,Mun,5th,None,5536
175900000,175903000,CAJIDIOCAN,Mun,4th,None,21861
175900000,175904000,CALATRAVA,Mun,5th,None,10275
175900000,175905000,CONCEPCION,Mun,6th,None,4037
175900000,175906000,CORCUERA,Mun,5th,None,10283
175900000,175907000,LOOC,Mun,4th,None,22262
175900000,175908000,MAGDIWANG,Mun,5th,None,14142
175900000,175909000,ODIONGAN,Mun,2nd,None,45367
175900000,175910000,ROMBLON (Capital),Mun,3rd,None,38758
175900000,175911000,SAN AGUSTIN,Mun,4th,None,22598
175900000,175912000,SAN ANDRES,Mun,5th,None,15589
175900000,175913000,SAN FERNANDO,Mun,4th,None,23271
175900000,175914000,SAN JOSE,Mun,5th,None,10881
175900000,175915000,SANTA FE,Mun,5th,None,16098
175900000,175916000,FERROL,Mun,6th,None,6964
175900000,175917000,SANTA MARIA (IMELDA),Mun,5th,None,8508
50500000,50501000,BACACAY,Mun,2nd,None,68906
50500000,50502000,CAMALIG,Mun,1st,None,66904
50500000,50503000,DARAGA (LOCSIN),Mun,1st,None,126595
50500000,50504000,GUINOBATAN,Mun,1st,None,82361
50500000,50505000,JOVELLAR,Mun,4th,None,17308
50500000,50506000,CITY OF LEGAZPI (Capital),City,2nd,None,196639
50500000,50507000,LIBON,Mun,1st,None,75172
50500000,50508000,CITY OF LIGAO,City,4th,None,111399
50500000,50509000,MALILIPOT,Mun,4th,None,37785
50500000,50510000,MALINAO,Mun,3rd,None,45301
50500000,50511000,MANITO,Mun,4th,None,24707
50500000,50512000,OAS,Mun,1st,None,67960
50500000,50513000,PIO DURAN,Mun,3rd,None,46693
50500000,50514000,POLANGUI,Mun,1st,None,88221
50500000,50515000,RAPU-RAPU,Mun,3rd,None,36920
50500000,50516000,SANTO DOMINGO (LIBOG),Mun,4th,None,34967
50500000,50517000,CITY OF TABACO,City,4th,None,133868
50500000,50518000,TIWI,Mun,1st,None,53120
51600000,51601000,BASUD,Mun,3rd,None,41017
51600000,51602000,CAPALONGA,Mun,3rd,None,32215
51600000,51603000,DAET (Capital),Mun,1st,None,104799
51600000,51604000,SAN LORENZO RUIZ (IMELDA),Mun,5th,None,14063
51600000,51605000,JOSE PANGANIBAN,Mun,2nd,None,59639
51600000,51606000,LABO,Mun,1st,None,101082
51600000,51607000,MERCEDES,Mun,2nd,None,50841
51600000,51608000,PARACALE,Mun,3rd,None,59149
51600000,51609000,SAN VICENTE,Mun,5th,None,10396
51600000,51610000,SANTA ELENA,Mun,3rd,None,40786
51600000,51611000,TALISAY,Mun,4th,None,25841
51600000,51612000,VINZONS,Mun,3rd,None,43485
51700000,51701000,BAAO,Mun,3rd,None,58849
51700000,51702000,BALATAN,Mun,4th,None,30922
51700000,51703000,BATO,Mun,3rd,None,52137
51700000,51704000,BOMBON,Mun,5th,None,16512
51700000,51705000,BUHI,Mun,1st,None,77143
51700000,51706000,BULA,Mun,2nd,None,69430
51700000,51707000,CABUSAO,Mun,5th,None,18397
51700000,51708000,CALABANGA,Mun,1st,None,83033
51700000,51709000,CAMALIGAN,Mun,5th,None,24109
51700000,51710000,CANAMAN,Mun,4th,None,34210
51700000,51711000,CARAMOAN,Mun,2nd,None,47605
51700000,51712000,DEL GALLEGO,Mun,4th,None,25397
51700000,51713000,GAINZA,Mun,5th,None,11262
51700000,51714000,GARCHITORENA,Mun,4th,None,27010
51700000,51715000,GOA,Mun,2nd,None,63308
51700000,51716000,CITY OF IRIGA,City,4th,None,111757
51700000,51717000,LAGONOY,Mun,2nd,None,55465
51700000,51718000,LIBMANAN,Mun,1st,None,108716
51700000,51719000,LUPI,Mun,3rd,None,32167
51700000,51720000,MAGARAO,Mun,4th,None,25694
51700000,51721000,MILAOR,Mun,4th,None,31150
51700000,51722000,MINALABAC,Mun,3rd,None,52390
51700000,51723000,NABUA,Mun,1st,None,83874
51700000,51724000,CITY OF NAGA,City,2nd,None,196003
51700000,51725000,OCAMPO,Mun,3rd,None,45934
51700000,51726000,PAMPLONA,Mun,4th,None,36390
51700000,51727000,PASACAO,Mun,3rd,None,49035
51700000,51728000,PILI (Capital),Mun,1st,None,89545
51700000,51729000,PRESENTACION (PARUBCAN),Mun,4th,None,20996
51700000,51730000,RAGAY,Mun,1st,None,58214
51700000,51731000,SAGAY,Mun,4th,None,34546
51700000,51732000,SAN FERNANDO,Mun,4th,None,35258
51700000,51733000,SAN JOSE,Mun,4th,None,40623
51700000,51734000,SIPOCOT,Mun,1st,None,64855
51700000,51735000,SIRUMA,Mun,4th,None,17764
51700000,51736000,TIGAON,Mun,3rd,None,55272
51700000,51737000,TINAMBAC,Mun,1st,None,67572
52000000,52001000,BAGAMANOC,Mun,5th,None,11551
52000000,52002000,BARAS,Mun,5th,None,12848
52000000,52003000,BATO,Mun,5th,None,21279
52000000,52004000,CARAMORAN,Mun,3rd,None,30056
52000000,52005000,GIGMOTO,Mun,5th,None,8368
52000000,52006000,PANDAN,Mun,4th,None,20516
52000000,52007000,PANGANIBAN (PAYO),Mun,5th,None,9287
52000000,52008000,SAN ANDRES (CALOLBON),Mun,3rd,None,36779
52000000,52009000,SAN MIGUEL,Mun,5th,None,15006
52000000,52010000,VIGA,Mun,4th,None,21624
52000000,52011000,VIRAC (Capital),Mun,1st,None,73650
54100000,54101000,AROROY,Mun,1st,None,86168
54100000,54102000,BALENO,Mun,4th,None,26096
54100000,54103000,BALUD,Mun,4th*,None,38124
54100000,54104000,BATUAN,Mun,5th,None,15086
54100000,54105000,CATAINGAN,Mun,2nd,None,50327
54100000,54106000,CAWAYAN,Mun,2nd,None,67033
54100000,54107000,CLAVERIA,Mun,3rd,None,43693
54100000,54108000,DIMASALANG,Mun,4th,None,26192
54100000,54109000,ESPERANZA,Mun,5th,None,18568
54100000,54110000,MANDAON,Mun,3rd,None,41262
54100000,54111000,CITY OF MASBATE (Capital),City,4th,None,95389
54100000,54112000,MILAGROS,Mun,1st,None,57473
54100000,54113000,MOBO,Mun,4th,None,38813
54100000,54114000,MONREAL,Mun,4th,None,26614
54100000,54115000,PALANAS,Mun,4th,None,26222
54100000,54116000,PIO V. CORPUZ (LIMBUHAN),Mun,4th,None,23236
54100000,54117000,PLACER,Mun,2nd,None,55826
54100000,54118000,SAN FERNANDO,Mun,5th*,None,23057
54100000,54119000,SAN JACINTO,Mun,4th,None,30372
54100000,54120000,SAN PASCUAL,Mun,3rd,None,46674
54100000,54121000,USON,Mun,3rd,None,56168
56200000,56202000,BARCELONA,Mun,5th,None,20990
56200000,56203000,BULAN,Mun,1st,None,100076
56200000,56204000,BULUSAN,Mun,4th,None,22884
56200000,56205000,CASIGURAN,Mun,4th,None,32842
56200000,56206000,CASTILLA,Mun,3rd,None,57827
56200000,56207000,DONSOL,Mun,3rd,None,49711
56200000,56208000,GUBAT,Mun,2nd,None,59534
56200000,56209000,IROSIN,Mun,2nd,None,56662
56200000,56210000,JUBAN,Mun,4th,None,32320
56200000,56211000,MAGALLANES,Mun,3rd,None,37038
56200000,56212000,MATNOG,Mun,3rd,None,41101
56200000,56213000,PILAR,Mun,1st,None,74564
56200000,56214000,PRIETO DIAZ,Mun,5th,None,22442
56200000,56215000,SANTA MAGDALENA,Mun,5th,None,16848
56200000,56216000,CITY OF SORSOGON (Capital),City,3rd,None,168110
60400000,60401000,ALTAVAS,Mun,4th,None,24619
60400000,60402000,BALETE,Mun,4th,None,28920
60400000,60403000,BANGA,Mun,3rd,None,39505
60400000,60404000,BATAN,Mun,4th,None,32032
60400000,60405000,BURUANGA,Mun,5th,None,19003
60400000,60406000,IBAJAY,Mun,3rd,None,49564
60400000,60407000,KALIBO (Capital),Mun,1st,None,80605
60400000,60408000,LEZO,Mun,5th,None,15224
60400000,60409000,LIBACAO,Mun,3rd,None,28241
60400000,60410000,MADALAG,Mun,4th,None,18389
60400000,60411000,MAKATO,Mun,4th,None,27262
60400000,60412000,MALAY,Mun,1st,None,52973
60400000,60413000,MALINAO,Mun,4th,None,23194
60400000,60414000,NABAS,Mun,4th,None,36435
60400000,60415000,NEW WASHINGTON,Mun,3rd,None,45007
60400000,60416000,NUMANCIA,Mun,4th,None,31934
60400000,60417000,TANGALAN,Mun,5th,None,21916
60600000,60601000,ANINI-Y,Mun,4th,None,21201
60600000,60602000,BARBAZA,Mun,4th,None,22704
60600000,60603000,BELISON,Mun,5th,None,13539
60600000,60604000,BUGASONG,Mun,3rd,None,33642
60600000,60605000,CALUYA,Mun,1st,None,35496
60600000,60606000,CULASI,Mun,3rd,None,41228
60600000,60607000,TOBIAS FORNIER (DAO),Mun,4th,None,33046
60600000,60608000,HAMTIC,Mun,3rd,None,48592
60600000,60609000,LAUA-AN,Mun,4th,None,26072
60600000,60610000,LIBERTAD,Mun,5th,None,16429
60600000,60611000,PANDAN,Mun,4th,None,34333
60600000,60612000,PATNONGON,Mun,3rd,None,37176
60600000,60613000,SAN JOSE (Capital),Mun,1st,None,62534
60600000,60614000,SAN REMIGIO,Mun,3rd,None,31935
60600000,60615000,SEBASTE,Mun,4th,None,17907
60600000,60616000,SIBALOM,Mun,2nd,None,60306
60600000,60617000,TIBIAO,Mun,4th,None,26748
60600000,60618000,VALDERRAMA,Mun,4th,None,19124
61900000,61901000,CUARTERO,Mun,4th,None,27408
61900000,61902000,DAO,Mun,4th,None,32496
61900000,61903000,DUMALAG,Mun,4th,None,29466
61900000,61904000,DUMARAO,Mun,2nd,None,46157
61900000,61905000,IVISAN,Mun,4th,None,29055
61900000,61906000,JAMINDAN,Mun,2nd,None,36677
61900000,61907000,MA-AYON,Mun,3rd,None,38416
61900000,61908000,MAMBUSAO,Mun,3rd,None,39644
61900000,61909000,PANAY,Mun,3rd,None,46114
61900000,61910000,PANITAN,Mun,3rd,None,40289
61900000,61911000,PILAR,Mun,3rd,None,45287
61900000,61912000,PONTEVEDRA,Mun,3rd,None,46428
61900000,61913000,PRESIDENT ROXAS,Mun,4th,None,29676
61900000,61914000,CITY OF ROXAS (Capital),City,3rd,None,167003
61900000,61915000,SAPI-AN,Mun,4th,None,25821
61900000,61916000,SIGMA,Mun,4th,None,30134
61900000,61917000,TAPAZ,Mun,1st,None,51313
63000000,63001000,AJUY,Mun,2nd,None,52268
63000000,63002000,ALIMODIAN,Mun,3rd,None,38408
63000000,63003000,ANILAO,Mun,4th,None,28684
63000000,63004000,BADIANGAN,Mun,4th,None,27005
63000000,63005000,BALASAN,Mun,4th,None,33088
63000000,63006000,BANATE,Mun,4th,None,32532
63000000,63007000,BAROTAC NUEVO,Mun,2nd,None,54146
63000000,63008000,BAROTAC VIEJO,Mun,3rd,None,45808
63000000,63009000,BATAD,Mun,5th,None,21298
63000000,63010000,BINGAWAN,Mun,5th,None,15199
63000000,63012000,CABATUAN,Mun,2nd,None,58442
63000000,63013000,CALINOG,Mun,1st,None,60413
63000000,63014000,CARLES,Mun,2nd,None,68160
63000000,63015000,CONCEPCION,Mun,3rd,None,43159
63000000,63016000,DINGLE,Mun,3rd,None,45335
63000000,63017000,DUEAS,Mun,4th,None,34242
63000000,63018000,DUMANGAS,Mun,1st,None,69108
63000000,63019000,ESTANCIA,Mun,2nd,None,48546
63000000,63020000,GUIMBAL,Mun,4th,None,33820
63000000,63021000,IGBARAS,Mun,3rd,None,32004
63000000,63022000,CITY OF ILOILO (Capital),City,1st,None,447992
63000000,63023000,JANIUAY,Mun,1st,None,63905
63000000,63025000,LAMBUNAO,Mun,1st,None,73640
63000000,63026000,LEGANES,Mun,4th,None,32480
63000000,63027000,LEMERY,Mun,4th,None,30851
63000000,63028000,LEON,Mun,2nd,None,49875
63000000,63029000,MAASIN,Mun,3rd,None,36922
63000000,63030000,MIAGAO,Mun,1st,None,67565
63000000,63031000,MINA,Mun,5th,None,23546
63000000,63032000,NEW LUCENA,Mun,4th,None,23240
63000000,63034000,OTON,Mun,1st,None,89115
63000000,63035000,CITY OF PASSI,City,4th,None,80544
63000000,63036000,PAVIA,Mun,2nd,None,55603
63000000,63037000,POTOTAN,Mun,1st,None,75070
63000000,63038000,SAN DIONISIO,Mun,4th,None,38775
63000000,63039000,SAN ENRIQUE,Mun,3rd,None,33911
63000000,63040000,SAN JOAQUIN,Mun,2nd,None,51892
63000000,63041000,SAN MIGUEL,Mun,4th,None,27686
63000000,63042000,SAN RAFAEL,Mun,5th,None,16532
63000000,63043000,SANTA BARBARA,Mun,2nd,None,60215
63000000,63044000,SARA,Mun,2nd,None,52631
63000000,63045000,TIGBAUAN,Mun,2nd,None,62706
63000000,63046000,TUBUNGAN,Mun,4th,None,22449
63000000,63047000,ZARRAGA,Mun,4th,None,25605
64500000,64501000,CITY OF BACOLOD (Capital),City,1st,None,561875
64500000,64502000,CITY OF BAGO,City,2nd,None,170981
64500000,64503000,BINALBAGAN,Mun,1st,None,67270
64500000,64504000,CITY OF CADIZ,City,2nd,None,154723
64500000,64505000,CALATRAVA,Mun,1st,None,80624
64500000,64506000,CANDONI,Mun,4th,None,21789
64500000,64507000,CAUAYAN,Mun,1st,None,102165
64500000,64508000,ENRIQUE B. MAGALONA (SARAVIA),Mun,2nd,None,62921
64500000,64509000,CITY OF ESCALANTE,City,4th,None,94070
64500000,64510000,CITY OF HIMAMAYLAN,City,3rd,None,106880
64500000,64511000,HINIGARAN,Mun,1st,None,85602
64500000,64512000,HINOBA-AN (ASIA),Mun,1st,None,56819
64500000,64513000,ILOG,Mun,2nd,None,57389
64500000,64514000,ISABELA,Mun,2nd,None,62146
64500000,64515000,CITY OF KABANKALAN,City,1st,None,181977
64500000,64516000,CITY OF LA CARLOTA,City,4th,None,64469
64500000,64517000,LA CASTELLANA,Mun,1st,None,74855
64500000,64518000,MANAPLA,Mun,2nd,None,54845
64500000,64519000,MOISES PADILLA (MAGALLON),Mun,3rd,None,41386
64500000,64520000,MURCIA,Mun,1st,None,81286
64500000,64521000,PONTEVEDRA,Mun,3rd,None,51866
64500000,64522000,PULUPANDAN,Mun,3rd,None,27735
64500000,64523000,CITY OF SAGAY,City,3rd,None,146264
64500000,64524000,CITY OF SAN CARLOS,City,2nd,None,132536
64500000,64525000,SAN ENRIQUE,Mun,4th,None,23907
64500000,64526000,CITY OF SILAY,City,3rd,None,126930
64500000,64527000,CITY OF SIPALAY,City,4th,None,70070
64500000,64528000,CITY OF TALISAY,City,4th,None,102214
64500000,64529000,TOBOSO,Mun,3rd,None,42114
64500000,64530000,VALLADOLID,Mun,4th,None,37833
64500000,64531000,CITY OF VICTORIAS,City,4th,None,87933
64500000,64532000,SALVADOR BENEDICTO,Mun,4th,None,25662
67900000,67901000,BUENAVISTA,Mun,2nd,None,50437
67900000,67902000,JORDAN (Capital),Mun,3rd,None,36096
67900000,67903000,NUEVA VALENCIA,Mun,3rd,None,39810
67900000,67904000,SAN LORENZO,Mun,5th,None,26112
67900000,67905000,SIBUNAG,Mun,4th,None,22158
71200000,71201000,ALBURQUERQUE,Mun,5th,None,10540
71200000,71202000,ALICIA,Mun,4th,None,23517
71200000,71203000,ANDA,Mun,5th,None,16462
71200000,71204000,ANTEQUERA,Mun,4th,None,14425
71200000,71205000,BACLAYON,Mun,4th,None,20591
71200000,71206000,BALILIHAN,Mun,4th,None,17903
71200000,71207000,BATUAN,Mun,5th,None,12767
71200000,71208000,BILAR,Mun,4th,None,17590
71200000,71209000,BUENAVISTA,Mun,4th,None,27261
71200000,71210000,CALAPE,Mun,3rd,None,30863
71200000,71211000,CANDIJAY,Mun,4th,None,29475
71200000,71212000,CARMEN,Mun,1st,None,46306
71200000,71213000,CATIGBIAN,Mun,4th,None,22675
71200000,71214000,CLARIN,Mun,5th,None,20301
71200000,71215000,CORELLA,Mun,5th,None,8479
71200000,71216000,CORTES,Mun,5th,None,16954
71200000,71217000,DAGOHOY,Mun,5th,None,19158
71200000,71218000,DANAO,Mun,4th*,None,17890
71200000,71219000,DAUIS,Mun,4th,None,45663
71200000,71220000,DIMIAO,Mun,4th,None,14364
71200000,71221000,DUERO,Mun,4th,None,17876
71200000,71222000,GARCIA HERNANDEZ,Mun,4th,None,24194
71200000,71223000,GUINDULMAN,Mun,4th,None,32408
71200000,71224000,INABANGA,Mun,3rd,None,45880
71200000,71225000,JAGNA,Mun,3rd,None,33892
71200000,71226000,GETAFE,Mun,3rd,None,30955
71200000,71227000,LILA,Mun,5th,None,12257
71200000,71228000,LOAY,Mun,5th,None,16691
71200000,71229000,LOBOC,Mun,4th,None,15993
71200000,71230000,LOON,Mun,2nd,None,43034
71200000,71231000,MABINI,Mun,4th,None,27171
71200000,71232000,MARIBOJOC,Mun,4th,None,20688
71200000,71233000,PANGLAO,Mun,4th,None,33553
71200000,71234000,PILAR,Mun,4th,None,27256
71200000,71235000,PRES. CARLOS P. GARCIA (PITOGO),Mun,4th,None,23356
71200000,71236000,SAGBAYAN (BORJA),Mun,4th,None,22339
71200000,71237000,SAN ISIDRO,Mun,5th*,None,8744
71200000,71238000,SAN MIGUEL,Mun,4th,None,24135
71200000,71239000,SEVILLA,Mun,5th,None,10661
71200000,71240000,SIERRA BULLONES,Mun,3rd,None,24745
71200000,71241000,SIKATUNA,Mun,5th,None,6726
71200000,71242000,CITY OF TAGBILARAN (Capital),City,3rd,None,105051
71200000,71243000,TALIBON,Mun,1st,None,66969
71200000,71244000,TRINIDAD,Mun,3rd,None,31956
71200000,71245000,TUBIGON,Mun,1st,None,45893
71200000,71246000,UBAY,Mun,1st,None,73712
71200000,71247000,VALENCIA,Mun,4th,None,27126
71200000,71248000,BIEN UNIDO,Mun,4th,None,27115
72200000,72201000,ALCANTARA,Mun,5th,None,15160
72200000,72202000,ALCOY,Mun,5th,None,16979
72200000,72203000,ALEGRIA,Mun,4th,None,23300
72200000,72204000,ALOGUINSAN,Mun,4th,None,32100
72200000,72205000,ARGAO,Mun,1st,None,72366
72200000,72206000,ASTURIAS,Mun,3rd,None,47857
72200000,72207000,BADIAN,Mun,3rd,None,37912
72200000,72208000,BALAMBAN,Mun,1st,None,87177
72200000,72209000,BANTAYAN,Mun,1st,None,79084
72200000,72210000,BARILI,Mun,2nd,None,73862
72200000,72211000,CITY OF BOGO,City,6th,None,78120
72200000,72212000,BOLJOON,Mun,5th,None,16344
72200000,72213000,BORBON,Mun,4th*,None,35526
72200000,72214000,CITY OF CARCAR,City,5th,None,119664
72200000,72215000,CARMEN,Mun,3rd,None,51325
72200000,72216000,CATMON,Mun,4th,None,30471
72200000,72217000,CITY OF CEBU (Capital),City,1st,None,922611
72200000,72218000,COMPOSTELA,Mun,3rd,None,47898
72200000,72219000,CONSOLACION,Mun,1st,None,131528
72200000,72220000,CORDOVA,Mun,3rd,None,59712
72200000,72221000,DAANBANTAYAN,Mun,1st,None,84430
72200000,72222000,DALAGUETE,Mun,1st,None,67497
72200000,72223000,DANAO CITY,City,3rd,None,136471
72200000,72224000,DUMANJUG,Mun,3rd,None,51210
72200000,72225000,GINATILAN,Mun,5th,None,15919
72200000,72226000,CITY OF LAPU-LAPU (OPON),City,1st,None,408112
72200000,72227000,LILOAN,Mun,1st,None,118753
72200000,72228000,MADRIDEJOS,Mun,4th,None,36429
72200000,72229000,MALABUYOC,Mun,5th,None,19373
72200000,72230000,CITY OF MANDAUE,City,1st,None,362654
72200000,72231000,MEDELLIN,Mun,2nd,None,55332
72200000,72232000,MINGLANILLA,Mun,1st,None,132135
72200000,72233000,MOALBOAL,Mun,4th,None,31130
72200000,72234000,CITY OF NAGA,City,5th,None,115750
72200000,72235000,OSLOB,Mun,4th,None,27893
72200000,72236000,PILAR,Mun,5th,None,11308
72200000,72237000,PINAMUNGAJAN,Mun,2nd,None,65955
72200000,72238000,PORO,Mun,4th,None,25212
72200000,72239000,RONDA,Mun,5th*,None,20360
72200000,72240000,SAMBOAN,Mun,5th,None,20884
72200000,72241000,SAN FERNANDO,Mun,2nd,None,66280
72200000,72242000,SAN FRANCISCO,Mun,3rd,None,55180
72200000,72243000,SAN REMIGIO,Mun,3rd,None,57557
72200000,72244000,SANTA FE,Mun,4th,None,28603
72200000,72245000,SANTANDER,Mun,4th,None,17857
72200000,72246000,SIBONGA,Mun,3rd,None,48186
72200000,72247000,SOGOD,Mun,4th*,None,35108
72200000,72248000,TABOGON,Mun,3rd,None,39013
72200000,72249000,TABUELAN,Mun,4th,None,25630
72200000,72250000,CITY OF TALISAY,City,3rd,None,227645
72200000,72251000,CITY OF TOLEDO,City,3rd,None,170335
72200000,72252000,TUBURAN,Mun,2nd,None,63866
72200000,72253000,TUDELA,Mun,5th,None,11296
74600000,74601000,AMLAN (AYUQUITAN),Mun,4th,None,23624
74600000,74602000,AYUNGON,Mun,2nd,None,46303
74600000,74603000,BACONG,Mun,4th,None,36527
74600000,74604000,CITY OF BAIS,City,3rd,None,76291
74600000,74605000,BASAY,Mun,4th,None,26566
74600000,74606000,CITY OF BAYAWAN (TULONG),City,2nd,None,117900
74600000,74607000,BINDOY (PAYABON),Mun,3rd,None,39819
74600000,74608000,CITY OF CANLAON,City,4th,None,54509
74600000,74609000,DAUIN,Mun,4th,None,27786
74600000,74610000,CITY OF DUMAGUETE (Capital),City,3rd,None,131377
74600000,74611000,CITY OF GUIHULNGAN,City,5th,None,95969
74600000,74612000,JIMALALUD,Mun,4th,None,30945
74600000,74613000,LA LIBERTAD,Mun,3rd,None,38602
74600000,74614000,MABINAY,Mun,1st,None,78864
74600000,74615000,MANJUYOD,Mun,2nd,None,42332
74600000,74616000,PAMPLONA,Mun,3rd,None,37596
74600000,74617000,SAN JOSE,Mun,5th,None,20413
74600000,74618000,SANTA CATALINA,Mun,1st,None,75756
74600000,74619000,SIATON,Mun,1st,None,77696
74600000,74620000,SIBULAN,Mun,2nd,None,59455
74600000,74621000,CITY OF TANJAY,City,4th,None,80532
74600000,74622000,TAYASAN,Mun,3rd,None,35470
74600000,74623000,VALENCIA (LUZURRIAGA),Mun,1st,None,34852
74600000,74624000,VALLEHERMOSO,Mun,3rd,None,38259
74600000,74625000,ZAMBOANGUITA,Mun,4th,None,27552
76100000,76101000,ENRIQUE VILLANUEVA,Mun,5th,None,6104
76100000,76102000,LARENA,Mun,5th,None,13847
76100000,76103000,LAZI,Mun,4th,None,20490
76100000,76104000,MARIA,Mun,5th,None,13828
76100000,76105000,SAN JUAN,Mun,5th,None,14854
76100000,76106000,SIQUIJOR (Capital),Mun,4th,None,26861
82600000,82601000,ARTECHE,Mun,3rd,None,16026
82600000,82602000,BALANGIGA,Mun,4th,None,14085
82600000,82603000,BALANGKAYAN,Mun,5th,None,10125
82600000,82604000,CITY OF BORONGAN (Capital),City,1st (as Mun),None,69297
82600000,82605000,CAN-AVID,Mun,4th,None,21015
82600000,82606000,DOLORES,Mun,3rd*,None,42866
82600000,82607000,GENERAL MACARTHUR,Mun,5th*,None,14550
82600000,82608000,GIPORLOS,Mun,5th*,None,13308
82600000,82609000,GUIUAN,Mun,2nd,None,52991
82600000,82610000,HERNANI,Mun,5th,None,8573
82600000,82611000,JIPAPAD,Mun,5th,None,7885
82600000,82612000,LAWAAN,Mun,5th*,None,12742
82600000,82613000,LLORENTE,Mun,3rd,None,20149
82600000,82614000,MASLOG,Mun,5th*,None,5407
82600000,82615000,MAYDOLONG,Mun,4th*,None,14743
82600000,82616000,MERCEDES,Mun,5th*,None,6070
82600000,82617000,ORAS,Mun,3rd,None,36540
82600000,82618000,QUINAPONDAN,Mun,5th,None,14779
82600000,82619000,SALCEDO,Mun,5th*,None,22532
82600000,82620000,SAN JULIAN,Mun,5th,None,14498
82600000,82621000,SAN POLICARPO,Mun,5th*,None,14687
82600000,82622000,SULAT,Mun,4th,None,15377
82600000,82623000,TAFT,Mun,4th,None,18915
83700000,83701000,ABUYOG,Mun,1st*,None,59571
83700000,83702000,ALANGALANG,Mun,2nd,None,55235
83700000,83703000,ALBUERA,Mun,3rd*,None,46332
83700000,83705000,BABATNGON,Mun,4th*,None,27797
83700000,83706000,BARUGO,Mun,4th,None,32745
83700000,83707000,BATO,Mun,4th*,None,38356
83700000,83708000,CITY OF BAYBAY,City,1st (as Mun),None,109432
83700000,83710000,BURAUEN,Mun,1st,None,52732
83700000,83713000,CALUBIAN,Mun,4th,None,31228
83700000,83714000,CAPOOCAN,Mun,4th,None,33617
83700000,83715000,CARIGARA,Mun,2nd,None,51345
83700000,83717000,DAGAMI,Mun,3rd,None,35147
83700000,83718000,DULAG,Mun,3rd*,None,47300
83700000,83719000,HILONGOS,Mun,2nd,None,63431
83700000,83720000,HINDANG,Mun,5th,None,20924
83700000,83721000,INOPACAN,Mun,4th,None,20550
83700000,83722000,ISABEL,Mun,1st,None,46915
83700000,83723000,JARO,Mun,3rd,None,43199
83700000,83724000,JAVIER (BUGHO),Mun,4th*,None,25379
83700000,83725000,JULITA,Mun,5th,None,15114
83700000,83726000,KANANGA,Mun,1st,None,56575
83700000,83728000,LA PAZ,Mun,5th*,None,19998
83700000,83729000,LEYTE,Mun,4th*,None,40639
83700000,83730000,MACARTHUR,Mun,5th*,None,21211
83700000,83731000,MAHAPLAG,Mun,4th,None,27823
83700000,83733000,MATAG-OB,Mun,4th,None,18373
83700000,83734000,MATALOM,Mun,3rd,None,33121
83700000,83735000,MAYORGA,Mun,5th*,None,17161
83700000,83736000,MERIDA,Mun,5th,None,29863
83700000,83738000,ORMOC CITY,City,1st,None,215031
83700000,83739000,PALO,Mun,3rd,None,70052
83700000,83740000,PALOMPON,Mun,2nd*,None,58108
83700000,83741000,PASTRANA,Mun,5th*,None,18002
83700000,83742000,SAN ISIDRO,Mun,4th*,None,31641
83700000,83743000,SAN MIGUEL,Mun,4th,None,19420
83700000,83744000,SANTA FE,Mun,5th*,None,20439
83700000,83745000,TABANGO,Mun,4th,None,34195
83700000,83746000,TABONTABON,Mun,5th,None,11204
83700000,83747000,CITY OF TACLOBAN (Capital),City,1st,None,242089
83700000,83748000,TANAUAN,Mun,2nd,None,55021
83700000,83749000,TOLOSA,Mun,5th,None,20978
83700000,83750000,TUNGA,Mun,6th*,None,7584
83700000,83751000,VILLABA,Mun,3rd,None,41891
84800000,84801000,ALLEN,Mun,5th,None,25469
84800000,84802000,BIRI,Mun,5th,None,11767
84800000,84803000,BOBON,Mun,4th,None,23668
84800000,84804000,CAPUL,Mun,5th,None,12679
84800000,84805000,CATARMAN (Capital),Mun,1st,None,94037
84800000,84806000,CATUBIG,Mun,3rd,None,33025
84800000,84807000,GAMAY,Mun,4th,None,23511
84800000,84808000,LAOANG,Mun,2nd,None,61359
84800000,84809000,LAPINIG,Mun,5th,None,13020
84800000,84810000,LAS NAVAS,Mun,3rd,None,37947
84800000,84811000,LAVEZARES,Mun,4th,None,28770
84800000,84812000,MAPANAS,Mun,5th,None,14025
84800000,84813000,MONDRAGON,Mun,3rd,None,38726
84800000,84814000,PALAPAG,Mun,3rd,None,34286
84800000,84815000,PAMBUJAN,Mun,4th,None,33062
84800000,84816000,ROSARIO,Mun,5th,None,10520
84800000,84817000,SAN ANTONIO,Mun,5th,None,9058
84800000,84818000,SAN ISIDRO,Mun,4th,None,26650
84800000,84819000,SAN JOSE,Mun,5th,None,17561
84800000,84820000,SAN ROQUE,Mun,4th,None,30580
84800000,84821000,SAN VICENTE,Mun,6th,None,7856
84800000,84822000,SILVINO LOBOS,Mun,4th,None,15299
84800000,84823000,VICTORIA,Mun,5th,None,14817
84800000,84824000,LOPE DE VEGA,Mun,4th,None,14687
86000000,86001000,ALMAGRO,Mun,5th,None,8942
86000000,86002000,BASEY,Mun,1st,None,55480
86000000,86003000,CITY OF CALBAYOG,City,1st,None,183851
86000000,86004000,CALBIGA,Mun,4th,None,22982
86000000,86005000,CITY OF CATBALOGAN (Capital),City,5th,None,103879
86000000,86006000,DARAM,Mun,3rd,None,42879
86000000,86007000,GANDARA,Mun,2nd,None,34434
86000000,86008000,HINABANGAN,Mun,4th*,None,13673
86000000,86009000,JIABONG,Mun,5th,None,18342
86000000,86010000,MARABUT,Mun,5th,None,16962
86000000,86011000,MATUGUINAO,Mun,5th,None,7288
86000000,86012000,MOTIONG,Mun,4th,None,15156
86000000,86013000,PINABACDAO,Mun,4th,None,18252
86000000,86014000,SAN JOSE DE BUAN,Mun,4th,None,7769
86000000,86015000,SAN SEBASTIAN,Mun,6th,None,8057
86000000,86016000,SANTA MARGARITA,Mun,4th,None,26348
86000000,86017000,SANTA RITA,Mun,3rd*,None,41591
86000000,86018000,SANTO NIO,Mun,5th,None,12863
86000000,86019000,TALALORA,Mun,6th,None,8057
86000000,86020000,TARANGNAN,Mun,4th,None,24992
86000000,86021000,VILLAREAL,Mun,4th*,None,28230
86000000,86022000,PARANAS (WRIGHT),Mun,2nd,None,30557
86000000,86023000,ZUMARRAGA,Mun,5th*,None,16295
86000000,86024000,TAGAPUL-AN,Mun,5th*,None,8473
86000000,86025000,SAN JORGE,Mun,4th,None,17184
86000000,86026000,PAGSANGHAN,Mun,5th,None,7945
86400000,86401000,ANAHAWAN,Mun,5th,None,8211
86400000,86402000,BONTOC,Mun,4th*,None,28905
86400000,86403000,HINUNANGAN,Mun,3rd,None,29976
86400000,86404000,HINUNDAYAN,Mun,5th,None,12285
86400000,86405000,LIBAGON,Mun,5th,None,15169
86400000,86406000,LILOAN,Mun,4th*,None,23981
86400000,86407000,CITY OF MAASIN (Capital),City,4th,None,85560
86400000,86408000,MACROHON,Mun,4th,None,26244
86400000,86409000,MALITBOG,Mun,4th*,None,22923
86400000,86410000,PADRE BURGOS,Mun,5th*,None,11091
86400000,86411000,PINTUYAN,Mun,5th*,None,9826
86400000,86412000,SAINT BERNARD,Mun,4th,None,28395
86400000,86413000,SAN FRANCISCO,Mun,5th,None,13402
86400000,86414000,SAN JUAN (CABALIAN),Mun,5th,None,14858
86400000,86415000,SAN RICARDO,Mun,5th,None,10494
86400000,86416000,SILAGO,Mun,4th,None,12775
86400000,86417000,SOGOD,Mun,2nd,None,44986
86400000,86418000,TOMAS OPPUS,Mun,5th,None,16608
86400000,86419000,LIMASAWA,Mun,6th*,None,6061
87800000,87801000,ALMERIA,Mun,5th,None,16951
87800000,87802000,BILIRAN,Mun,5th,None,16882
87800000,87803000,CABUCGAYAN,Mun,5th,None,20788
87800000,87804000,CAIBIRAN,Mun,5th*,None,22524
87800000,87805000,CULABA,Mun,5th,None,12325
87800000,87806000,KAWAYAN,Mun,5th*,None,20291
87800000,87807000,MARIPIPI,Mun,5th,None,7159
87800000,87808000,NAVAL (Capital),Mun,2nd,None,54692
97200000,97201000,CITY OF DAPITAN,City,3rd,None,82418
97200000,97202000,CITY OF DIPOLOG (Capital),City,3rd,None,130759
97200000,97203000,KATIPUNAN,Mun,2nd,None,45577
97200000,97204000,LA LIBERTAD,Mun,5th,None,8406
97200000,97205000,LABASON,Mun,3rd,None,41357
97200000,97206000,LILOY,Mun,3rd,None,39812
97200000,97207000,MANUKAN,Mun,3rd,None,36526
97200000,97208000,MUTIA,Mun,5th,None,12675
97200000,97209000,PIAN (NEW PIAN),Mun,4th,None,20161
97200000,97210000,POLANCO,Mun,3rd,None,39347
97200000,97211000,PRES. MANUEL A. ROXAS,Mun,2nd,None,39323
97200000,97212000,RIZAL,Mun,5th,None,14021
97200000,97213000,SALUG,Mun,3rd,None,32204
97200000,97214000,SERGIO OSMEA SR.,Mun,2nd,None,30220
97200000,97215000,SIAYAN,Mun,2nd,None,34966
97200000,97216000,SIBUCO,Mun,1st,None,34620
97200000,97217000,SIBUTAD,Mun,5th,None,17645
97200000,97218000,SINDANGAN,Mun,1st,None,99435
97200000,97219000,SIOCON,Mun,1st,None,46907
97200000,97220000,SIRAWAI,Mun,4th,None,28799
97200000,97221000,TAMPILISAN,Mun,4th,None,24307
97200000,97222000,JOSE DALMAN (PONOT),Mun,4th,None,27388
97200000,97223000,GUTALAC,Mun,2nd,None,34654
97200000,97224000,BALIGUIAN,Mun,3rd,None,22588
97200000,97225000,GODOD,Mun,4th,None,17424
97200000,97226000,BACUNGAN (Leon T. Postigo),Mun,4th,None,26221
97200000,97227000,KALAWIT,Mun,4th,None,23633
97300000,97302000,AURORA,Mun,2nd,None,50755
97300000,97303000,BAYOG,Mun,3rd*,None,33591
97300000,97305000,DIMATALING,Mun,4th,None,30081
97300000,97306000,DINAS,Mun,4th,None,35504
97300000,97307000,DUMALINAO,Mun,4th,None,32013
97300000,97308000,DUMINGAG,Mun,2nd,None,47485
97300000,97311000,KUMALARANG,Mun,4th*,None,28469
97300000,97312000,LABANGAN,Mun,3rd,None,41790
97300000,97313000,LAPUYAN,Mun,3rd,None,27264
97300000,97315000,MAHAYAG,Mun,3rd*,None,46516
97300000,97317000,MARGOSATUBIG,Mun,3rd,None,37873
97300000,97318000,MIDSALIP,Mun,4th*,None,32075
97300000,97319000,MOLAVE,Mun,1st,None,52006
97300000,97322000,CITY OF PAGADIAN (Capital),City,2nd,None,199060
97300000,97323000,RAMON MAGSAYSAY (LIARGO),Mun,4th*,None,26606
97300000,97324000,SAN MIGUEL,Mun,4th,None,19205
97300000,97325000,SAN PABLO,Mun,4th*,None,26106
97300000,97327000,TABINA,Mun,4th,None,25061
97300000,97328000,TAMBULIG,Mun,4th*,None,36160
97300000,97330000,TUKURAN,Mun,4th*,None,39820
97300000,97332000,CITY OF ZAMBOANGA,City,1st,None,861799
97300000,97333000,LAKEWOOD,Mun,4th,None,20374
97300000,97337000,JOSEFINA,Mun,5th*,None,11799
97300000,97338000,PITOGO,Mun,4th,None,27057
97300000,97340000,SOMINOT (DON MARIANO MARCOS),Mun,5th*,None,18537
97300000,97341000,VINCENZO A. SAGUN,Mun,5th,None,23759
97300000,97343000,GUIPOS,Mun,4th,None,20729
97300000,97344000,TIGBAO,Mun,5th*,None,20979
98300000,98301000,ALICIA,Mun,3rd,None,36013
98300000,98302000,BUUG,Mun,3rd,None,36634
98300000,98303000,DIPLAHAN,Mun,3rd,None,32428
98300000,98304000,IMELDA,Mun,4th,None,28018
98300000,98305000,IPIL (Capital),Mun,1st,None,74656
98300000,98306000,KABASALAN,Mun,2nd,None,44336
98300000,98307000,MABUHAY,Mun,4th*,None,36870
98300000,98308000,MALANGAS,Mun,3rd*,None,33380
98300000,98309000,NAGA,Mun,3rd*,None,38547
98300000,98310000,OLUTANGA,Mun,4th,None,33671
98300000,98311000,PAYAO,Mun,3rd,None,31686
98300000,98312000,ROSELLER LIM,Mun,3rd,None,43646
98300000,98313000,SIAY,Mun,2nd,None,41572
98300000,98314000,TALUSAN,Mun,5th,None,29969
98300000,98315000,TITAY,Mun,2nd,None,49673
98300000,98316000,TUNGAWAN,Mun,2nd,None,42030
98300000,99701000,CITY OF ISABELA,City,4th,None,112788
101300000,101301000,BAUNGON,Mun,2nd,None,34336
101300000,101302000,DAMULOG,Mun,4th,None,30302
101300000,101303000,DANGCAGAN,Mun,3rd,None,23723
101300000,101304000,DON CARLOS,Mun,1st,None,66959
101300000,101305000,IMPASUG-ONG,Mun,1st,None,47859
101300000,101306000,KADINGILAN,Mun,3rd,None,33778
101300000,101307000,KALILANGAN,Mun,2nd,None,41601
101300000,101308000,KIBAWE,Mun,2nd,None,39612
101300000,101309000,KITAOTAO,Mun,1st,None,50260
101300000,101310000,LANTAPAN,Mun,1st,None,61776
101300000,101311000,LIBONA,Mun,1st,None,43969
101300000,101312000,CITY OF MALAYBALAY (Capital),City,1st,None,174625
101300000,101313000,MALITBOG,Mun,2nd,None,24453
101300000,101314000,MANOLO FORTICH,Mun,1st,None,100210
101300000,101315000,MARAMAG,Mun,1st,None,102089
101300000,101316000,PANGANTUCAN,Mun,1st,None,53126
101300000,101317000,QUEZON,Mun,1st,None,104116
101300000,101318000,SAN FERNANDO,Mun,1st,None,56138
101300000,101319000,SUMILAO,Mun,4th,None,27660
101300000,101320000,TALAKAG,Mun,1st,None,71644
101300000,101321000,CITY OF VALENCIA,City,2nd,None,192993
101300000,101322000,CABANGLASAN,Mun,3rd,None,33997
101800000,101801000,CATARMAN,Mun,5th,None,16798
101800000,101802000,GUINSILIBAN,Mun,6th,None,6281
101800000,101803000,MAHINOG,Mun,5th,None,14038
101800000,101804000,MAMBAJAO (Capital),Mun,3rd,None,38735
101800000,101805000,SAGAY,Mun,5th,None,12626
103500000,103501000,BACOLOD,Mun,4th,None,23034
103500000,103502000,BALOI,Mun,3rd,None,58383
103500000,103503000,BAROY,Mun,4th,None,22600
103500000,103504000,CITY OF ILIGAN,City,1st* (reclass 2005),None,342618
103500000,103505000,KAPATAGAN,Mun,2nd,None,62853
103500000,103506000,SULTAN NAGA DIMAPORO (KAROMATAN),Mun,3rd,None,56764
103500000,103507000,KAUSWAGAN,Mun,5th,None,26278
103500000,103508000,KOLAMBUGAN,Mun,4th,None,27005
103500000,103509000,LALA,Mun,1st,None,67727
103500000,103510000,LINAMON,Mun,5th,None,20341
103500000,103511000,MAGSAYSAY,Mun,5th,None,19019
103500000,103512000,MAIGO,Mun,4th,None,21666
103500000,103513000,MATUNGAO,Mun,5th,None,13975
103500000,103514000,MUNAI,Mun,4th,None,32973
103500000,103515000,NUNUNGAN,Mun,3rd,None,18367
103500000,103516000,PANTAO RAGAT,Mun,4th,None,27866
103500000,103517000,POONA PIAGAPO,Mun,4th,None,27018
103500000,103518000,SALVADOR,Mun,5th,None,31845
103500000,103519000,SAPAD,Mun,5th,None,21309
103500000,103520000,TAGOLOAN,Mun,5th,None,13253
103500000,103521000,TANGCAL,Mun,5th,None,15181
103500000,103522000,TUBOD (Capital),Mun,2nd,None,47165
103500000,103523000,PANTAR,Mun,5th,None,21773
104200000,104201000,ALORAN,Mun,4th,None,27625
104200000,104202000,BALIANGAO,Mun,5th,None,17092
104200000,104203000,BONIFACIO,Mun,4th,None,32345
104200000,104204000,CALAMBA,Mun,4th,None,21676
104200000,104205000,CLARIN,Mun,4th,None,37548
104200000,104206000,CONCEPCION,Mun,6th*,None,10937
104200000,104207000,JIMENEZ,Mun,3rd,None,27654
104200000,104208000,LOPEZ JAENA,Mun,4th,None,25055
104200000,104209000,CITY OF OROQUIETA (Capital),City,4th,None,70757
104200000,104210000,CITY OF OZAMIZ,City,3rd,None,141828
104200000,104211000,PANAON,Mun,5th,None,10209
104200000,104212000,PLARIDEL,Mun,3rd,None,38900
104200000,104213000,SAPANG DALAGA,Mun,5th*,None,19983
104200000,104214000,SINACABAN,Mun,5th,None,18391
104200000,104215000,CITY OF TANGUB,City,4th,None,63011
104200000,104216000,TUDELA,Mun,4th,None,28932
104200000,104217000,DON VICTORIANO CHIONGBIAN  (DON MARIANO MARCOS),Mun,4th,None,10183
104300000,104301000,ALUBIJID,Mun,4th,None,29724
104300000,104302000,BALINGASAG,Mun,2nd,None,67059
104300000,104303000,BALINGOAN,Mun,5th,None,11051
104300000,104304000,BINUANGAN,Mun,6th,None,7515
104300000,104305000,CITY OF CAGAYAN DE ORO (Capital),City,1st,None,675950
104300000,104306000,CLAVERIA,Mun,1st,None,48906
104300000,104307000,CITY OF EL SALVADOR,City,6th,None,50204
104300000,104308000,CITY OF GINGOOG,City,2nd,None,124648
104300000,104309000,GITAGUM,Mun,5th,None,16373
104300000,104310000,INITAO,Mun,3rd,None,32370
104300000,104311000,JASAAN,Mun,2nd,None,54478
104300000,104312000,KINOGUITAN,Mun,5th,None,14391
104300000,104313000,LAGONGLONG,Mun,5th,None,21659
104300000,104314000,LAGUINDINGAN,Mun,4th,None,24405
104300000,104315000,LIBERTAD,Mun,5th,None,12354
104300000,104316000,LUGAIT,Mun,2nd,None,19758
104300000,104317000,MAGSAYSAY (LINUGOS),Mun,4th,None,34605
104300000,104318000,MANTICAO,Mun,4th,None,28422
104300000,104319000,MEDINA,Mun,4th,None,32907
104300000,104320000,NAAWAN,Mun,4th,None,21213
104300000,104321000,OPOL,Mun,2nd,None,61503
104300000,104322000,SALAY,Mun,4th,None,28705
104300000,104323000,SUGBONGCOGON,Mun,5th,None,9226
104300000,104324000,TAGOLOAN,Mun,1st,None,73150
104300000,104325000,TALISAYAN,Mun,4th,None,24505
104300000,104326000,VILLANUEVA,Mun,2nd,None,39378
112300000,112301000,ASUNCION (SAUG),Mun,1st,None,59322
112300000,112303000,CARMEN,Mun,1st,None,74679
112300000,112305000,KAPALONG,Mun,1st,None,76334
112300000,112314000,NEW CORELLA,Mun,2nd,None,54844
112300000,112315000,CITY OF PANABO,City,3rd,None,184599
112300000,112317000,ISLAND GARDEN CITY OF SAMAL,City,4th,None,104123
112300000,112318000,SANTO TOMAS,Mun,1st,None,118750
112300000,112319000,CITY OF TAGUM (Capital),City,1st,None,259444
112300000,112322000,TALAINGOD,Mun,2nd,None,27482
112300000,112323000,BRAULIO E. DUJALI,Mun,4th,None,30104
112300000,112324000,SAN ISIDRO,Mun,5th,None,26651
112400000,112401000,BANSALAN,Mun,1st,None,60440
112400000,112402000,CITY OF DAVAO,City,1st,None,1632991
112400000,112403000,CITY OF DIGOS (Capital),City,2nd,None,169393
112400000,112404000,HAGONOY,Mun,2nd,None,53309
112400000,112406000,KIBLAWAN,Mun,2nd,None,48897
112400000,112407000,MAGSAYSAY,Mun,3rd,None,53876
112400000,112408000,MALALAG,Mun,2nd,None,38731
112400000,112410000,MATANAO,Mun,2nd,None,56755
112400000,112411000,PADADA,Mun,3rd,None,26587
112400000,112412000,SANTA CRUZ,Mun,1st,None,90987
112400000,112414000,SULOP,Mun,3rd,None,33613
112500000,112501000,BAGANGA,Mun,1st,None,56241
112500000,112502000,BANAYBANAY,Mun,2nd,None,41117
112500000,112503000,BOSTON,Mun,3rd,None,13535
112500000,112504000,CARAGA,Mun,1st,None,40379
112500000,112505000,CATEEL,Mun,2nd,None,40704
112500000,112506000,GOVERNOR GENEROSO,Mun,2nd,None,55109
112500000,112507000,LUPON,Mun,1st,None,65785
112500000,112508000,MANAY,Mun,2nd,None,42690
112500000,112509000,CITY OF MATI (Capital),City,5th,None,141141
112500000,112510000,SAN ISIDRO,Mun,3rd,None,36032
112500000,112511000,TARRAGONA,Mun,3rd,None,26225
118200000,118201000,COMPOSTELA,Mun,1st,None,87474
118200000,118202000,LAAK (SAN VICENTE),Mun,1st,None,73874
118200000,118203000,MABINI (DOA ALICIA),Mun,2nd,None,41102
118200000,118204000,MACO,Mun,1st,None,81277
118200000,118205000,MARAGUSAN (SAN MARIANO),Mun,1st,None,60842
118200000,118206000,MAWAB,Mun,3rd,None,37065
118200000,118207000,MONKAYO,Mun,1st,None,94908
118200000,118208000,MONTEVISTA,Mun,3rd,None,43706
118200000,118209000,NABUNTURAN (Capital),Mun,1st,None,82234
118200000,118210000,NEW BATAAN,Mun,1st,None,47726
118200000,118211000,PANTUKAN,Mun,1st,None,85899
118600000,118601000,DON MARCELINO,Mun,3rd,None,44554
118600000,118602000,JOSE ABAD SANTOS (TRINIDAD),Mun,1st,None,76332
118600000,118603000,MALITA (Capital),Mun,1st,None,117746
118600000,118604000,SANTA MARIA,Mun,2nd,None,53671
118600000,118605000,SARANGANI,Mun,4th,None,24039
124700000,124701000,ALAMADA,Mun,1st,None,64596
124700000,124702000,CARMEN,Mun,1st,None,95921
124700000,124703000,KABACAN,Mun,1st,None,89161
124700000,124704000,CITY OF KIDAPAWAN (Capital),City,3rd,None,140195
124700000,124705000,LIBUNGAN,Mun,2nd,None,48768
124700000,124706000,MAGPET,Mun,1st,None,49201
124700000,124707000,MAKILALA,Mun,1st,None,83851
124700000,124708000,MATALAM,Mun,1st,None,79361
124700000,124709000,MIDSAYAP,Mun,1st,None,151684
124700000,124710000,M'LANG,Mun,1st,None,95070
124700000,124711000,PIGKAWAYAN,Mun,1st,None,66796
124700000,124712000,PIKIT,Mun,1st,None,154441
124700000,124713000,PRESIDENT ROXAS,Mun,1st,None,47575
124700000,124714000,TULUNAN,Mun,2nd,None,56513
124700000,124715000,ANTIPAS,Mun,2nd,None,25304
124700000,124716000,BANISILAN,Mun,2nd,None,43677
124700000,124717000,ALEOSAN,Mun,3rd,None,39405
124700000,124718000,ARAKAN,Mun,1st,None,48228
126300000,126302000,BANGA,Mun,1st,None,83989
126300000,126303000,CITY OF GENERAL SANTOS (DADIANGAS),City,1st,None,594446
126300000,126306000,CITY OF KORONADAL (Capital),City,3rd,None,174942
126300000,126311000,NORALA,Mun,3rd,None,46642
126300000,126312000,POLOMOLOK,Mun,1st,None,152589
126300000,126313000,SURALLAH,Mun,1st,None,84539
126300000,126314000,TAMPAKAN,Mun,2nd,None,39525
126300000,126315000,TANTANGAN,Mun,3rd,None,43245
126300000,126316000,T'BOLI,Mun,1st,None,91453
126300000,126317000,TUPI,Mun,1st,None,69976
126300000,126318000,SANTO NIO,Mun,3rd,None,40947
126300000,126319000,LAKE SEBU,Mun,1st,None,87442
126500000,126501000,BAGUMBAYAN,Mun,1st,None,67061
126500000,126502000,COLUMBIO,Mun,1st,None,33258
126500000,126503000,ESPERANZA,Mun,1st,None,66095
126500000,126504000,ISULAN (Capital),Mun,1st,None,90682
126500000,126505000,KALAMANSIG,Mun,1st,None,49059
126500000,126506000,LEBAK,Mun,1st,None,88868
126500000,126507000,LUTAYAN,Mun,2nd,None,63029
126500000,126508000,LAMBAYONG (MARIANO MARCOS),Mun,2nd,None,77013
126500000,126509000,PALIMBANG,Mun,2nd,None,90424
126500000,126510000,PRESIDENT QUIRINO,Mun,3rd,None,41408
126500000,126511000,CITY OF TACURONG,City,4th,None,98316
126500000,126512000,SEN. NINOY AQUINO,Mun,3rd,None,46882
128000000,128001000,ALABEL (Capital),Mun,1st,None,80359
128000000,128002000,GLAN,Mun,1st,None,118263
128000000,128003000,KIAMBA,Mun,1st,None,61058
128000000,128004000,MAASIM,Mun,1st,None,59468
128000000,128005000,MAITUM,Mun,2nd,None,44595
128000000,128006000,MALAPATAN,Mun,1st,None,76914
128000000,128007000,MALUNGON,Mun,1st,None,103604
128000000,129804000,CITY OF COTABATO,City,3rd,None,299438
128000000,133900000,CITY OF MANILA,City,Special,None,1780148
128000000,137401000,CITY OF MANDALUYONG,City,1st,None,386276
128000000,137402000,CITY OF MARIKINA,City,1st,None,450741
128000000,137403000,CITY OF PASIG,City,1st,None,755300
128000000,137404000,QUEZON CITY,City,Special,None,2936116
128000000,137405000,CITY OF SAN JUAN,City,1st,None,122180
128000000,137501000,CITY OF CALOOCAN,City,1st,None,1583978
128000000,137502000,CITY OF MALABON,City,1st,None,365525
128000000,137503000,CITY OF NAVOTAS,City,2nd,None,249463
128000000,137504000,CITY OF VALENZUELA,City,1st,None,620422
128000000,137601000,CITY OF LAS PIAS,City,1st,None,588894
128000000,137602000,CITY OF MAKATI,City,1st,None,582602
128000000,137603000,CITY OF MUNTINLUPA,City,1st,None,504509
128000000,137604000,CITY OF PARAAQUE,City,1st,None,665822
128000000,137605000,PASAY CITY,City,1st,None,416522
128000000,137606000,PATEROS,Mun,1st,None,63840
128000000,137607000,CITY OF TAGUIG,City,1st,None,804915
140100000,140101000,BANGUED (Capital),Mun,1st,None,48163
140100000,140102000,BOLINEY,Mun,5th,None,3573
140100000,140103000,BUCAY,Mun,5th,None,17115
140100000,140104000,BUCLOC,Mun,6th,None,2501
140100000,140105000,DAGUIOMAN,Mun,5th,None,2088
140100000,140106000,DANGLAS,Mun,5th,None,4192
140100000,140107000,DOLORES,Mun,5th,None,11315
140100000,140108000,LA PAZ,Mun,5th,None,15437
140100000,140109000,LACUB,Mun,5th,None,3403
140100000,140110000,LAGANGILANG,Mun,5th,None,14255
140100000,140111000,LAGAYAN,Mun,5th,None,4499
140100000,140112000,LANGIDEN,Mun,5th,None,3198
140100000,140113000,LICUAN-BAAY (LICUAN),Mun,5th,None,4689
140100000,140114000,LUBA,Mun,5th,None,6339
140100000,140115000,MALIBCONG,Mun,5th,None,3428
140100000,140116000,MANABO,Mun,5th,None,10761
140100000,140117000,PEARRUBIA,Mun,6th,None,6640
140100000,140118000,PIDIGAN,Mun,5th,None,12185
140100000,140119000,PILAR,Mun,5th,None,10223
140100000,140120000,SALLAPADAN,Mun,5th,None,6622
140100000,140121000,SAN ISIDRO,Mun,5th,None,4574
140100000,140122000,SAN JUAN,Mun,5th,None,9867
140100000,140123000,SAN QUINTIN,Mun,5th,None,5438
140100000,140124000,TAYUM,Mun,5th,None,14467
140100000,140125000,TINEG,Mun,2nd,None,5097
140100000,140126000,TUBO,Mun,4th,None,5699
140100000,140127000,VILLAVICIOSA,Mun,5th,None,5392
141100000,141101000,ATOK,Mun,4th,None,19668
141100000,141102000,CITY OF BAGUIO,City,1st,None,345366
141100000,141103000,BAKUN,Mun,3rd,None,15357
141100000,141104000,BOKOD,Mun,4th,None,13756
141100000,141105000,BUGUIAS,Mun,3rd,None,43627
141100000,141106000,ITOGON,Mun,1st,None,59820
141100000,141107000,KABAYAN,Mun,4th,None,15260
141100000,141108000,KAPANGAN,Mun,4th,None,19361
141100000,141109000,KIBUNGAN,Mun,4th,None,17292
141100000,141110000,LA TRINIDAD (Capital),Mun,1st,None,129133
141100000,141111000,MANKAYAN,Mun,1st,None,35953
141100000,141112000,SABLAN,Mun,5th,None,11457
141100000,141113000,TUBA,Mun,1st,None,47648
141100000,141114000,TUBLAY,Mun,5th,None,17892
142700000,142701000,BANAUE,Mun,4th,None,21837
142700000,142702000,HUNGDUAN,Mun,4th,None,9400
142700000,142703000,KIANGAN,Mun,4th,None,17048
142700000,142704000,LAGAWE (Capital),Mun,4th,None,19333
142700000,142705000,LAMUT,Mun,4th,None,25279
142700000,142706000,MAYOYAO,Mun,4th,None,17331
142700000,142707000,ALFONSO LISTA (POTIA),Mun,3rd,None,32119
142700000,142708000,AGUINALDO,Mun,2nd,None,19408
142700000,142709000,HINGYON,Mun,5th,None,9227
142700000,142710000,TINOC,Mun,4th,None,16559
142700000,142711000,ASIPULO,Mun,5th,None,15261
143200000,143201000,BALBALAN,Mun,3rd,None,12195
143200000,143206000,LUBUAGAN,Mun,4th,None,8733
143200000,143208000,PASIL,Mun,5th,None,9644
143200000,143209000,PINUKPUK,Mun,1st,None,32026
143200000,143211000,RIZAL (LIWAN),Mun,4th,None,17038
143200000,143213000,CITY OF TABUK (Capital),City,5th,None,110642
143200000,143214000,TANUDAN,Mun,4th,None,9534
143200000,143215000,TINGLAYAN,Mun,4th,None,12868
144400000,144401000,BARLIG,Mun,5th,None,4819
144400000,144402000,BAUKO,Mun,4th,None,31065
144400000,144403000,BESAO,Mun,5th,None,7040
144400000,144404000,BONTOC (Capital),Mun,2nd,None,24643
144400000,144405000,NATONIN,Mun,4th,None,10272
144400000,144406000,PARACELIS,Mun,2nd,None,28121
144400000,144407000,SABANGAN,Mun,5th,None,9315
144400000,144408000,SADANGA,Mun,5th,None,8799
144400000,144409000,SAGADA,Mun,5th,None,11127
144400000,144410000,TADIAN,Mun,4th,None,19389
148100000,148101000,CALANASAN (BAYAG),Mun,1st,None,12604
148100000,148102000,CONNER,Mun,2nd,None,26051
148100000,148103000,FLORA,Mun,3rd,None,17391
148100000,148104000,KABUGAO (Capital),Mun,1st,None,15537
148100000,148105000,LUNA,Mun,2nd,None,19063
148100000,148106000,PUDTOL,Mun,4th,None,14925
148100000,148107000,SANTA MARCELA,Mun,4th,None,13613
150700000,150702000,CITY OF LAMITAN (Capital),City,6th,None,74782
150700000,150703000,LANTAWAN,Mun,3rd,None,24594
150700000,150704000,MALUSO,Mun,4th,None,40646
150700000,150705000,SUMISIP,Mun,1st,None,41730
150700000,150706000,TIPO-TIPO,Mun,3rd,None,19163
150700000,150707000,TUBURAN,Mun,2nd,None,20207
150700000,150708000,AKBAR,Mun,-,None,17531
150700000,150709000,AL-BARKA,Mun,-,None,20905
150700000,150710000,HADJI MOHAMMAD AJUL,Mun,-,None,19307
150700000,150711000,UNGKAYA PUKAN,Mun,-,None,18441
150700000,150712000,HADJI MUHTAMAD,Mun,-,None,25085
150700000,150713000,TABUAN-LASA,Mun,-,None,24188
153600000,153601000,BACOLOD-KALAWI (BACOLOD GRANDE),Mun,3rd,None,20841
153600000,153602000,BALABAGAN,Mun,4th*,None,26819
153600000,153603000,BALINDONG (WATU),Mun,4th*,None,29180
153600000,153604000,BAYANG,Mun,5th,None,23965
153600000,153605000,BINIDAYAN,Mun,4th,None,22079
153600000,153606000,BUBONG,Mun,2nd,None,22336
153600000,153607000,BUTIG,Mun,6th*,None,19302
153600000,153609000,GANASSI,Mun,4th,None,23016
153600000,153610000,KAPAI,Mun,4th,None,18894
153600000,153611000,LUMBA-BAYABAO (MAGUING),Mun,2nd,None,36151
153600000,153612000,LUMBATAN,Mun,5th*,None,19105
153600000,153613000,MADALUM,Mun,3rd,None,23127
153600000,153614000,MADAMBA,Mun,4th,None,17756
153600000,153615000,MALABANG,Mun,3rd,None,43957
153600000,153616000,MARANTAO,Mun,2nd,None,32974
153600000,153617000,CITY OF MARAWI (Capital),City,4th,None,201785
153600000,153618000,MASIU,Mun,5th,None,29176
153600000,153619000,MULONDO,Mun,3rd,None,16067
153600000,153620000,PAGAYAWAN (TATARIKAN),Mun,5th,None,13139
153600000,153621000,PIAGAPO,Mun,4th,None,25440
153600000,153622000,POONA BAYABAO (GATA),Mun,4th,None,22227
153600000,153623000,PUALAS,Mun,5th,None,12866
153600000,153624000,DITSAAN-RAMAIN,Mun,3rd,None,22299
153600000,153625000,SAGUIARAN,Mun,4th,None,24619
153600000,153626000,TAMPARAN,Mun,5th*,None,25874
153600000,153627000,TARAKA,Mun,4th,None,23644
153600000,153628000,TUBARAN,Mun,4th,None,14749
153600000,153629000,TUGAYA,Mun,5th,None,23814
153600000,153630000,WAO,Mun,2nd,None,45862
153600000,153631000,MAROGONG,Mun,4th,None,21319
153600000,153632000,CALANOGAS,Mun,5th,None,13750
153600000,153633000,BUADIPOSO-BUNTONG,Mun,4th,None,16130
153600000,153634000,MAGUING,Mun,2nd,None,24531
153600000,153635000,PICONG (SULTAN GUMANDER),Mun,4th*,None,16615
153600000,153636000,LUMBAYANAGUE,Mun,4th,None,16372
153600000,153637000,AMAI MANABILANG (BUMBARAN),Mun,3rd,None,10401
153600000,153638000,TAGOLOAN II,Mun,4th,None,11169
153600000,153639000,KAPATAGAN,Mun,4th,None,15521
153600000,153640000,SULTAN DUMALONDONG,Mun,6th*,None,11298
153600000,153641000,LUMBACA-UNAYAN,Mun,-,None,7260
153800000,153801000,AMPATUAN,Mun,4th,None,24801
153800000,153802000,BULDON,Mun,4th*,None,35282
153800000,153803000,BULUAN,Mun,4th*,None,50008
153800000,153805000,DATU PAGLAS,Mun,4th,None,28387
153800000,153806000,DATU PIANG,Mun,2nd,None,25600
153800000,153807000,DATU ODIN SINSUAT (DINAIG),Mun,2nd,None,99210
153800000,153808000,SHARIFF AGUAK (MAGANOY) (Capital),Mun,2nd,None,31692
153800000,153809000,MATANOG,Mun,4th,None,29770
153800000,153810000,PAGALUNGAN,Mun,1st,None,39653
153800000,153811000,PARANG,Mun,1st*,None,89194
153800000,153812000,SULTAN KUDARAT (NULING),Mun,1st,None,95201
153800000,153813000,SULTAN SA BARONGIS (LAMBAYONG),Mun,2nd,None,22425
153800000,153814000,KABUNTALAN (TUMBAO),Mun,5th*,None,17276
153800000,153815000,UPI,Mun,1st,None,53583
153800000,153816000,TALAYAN,Mun,4th*,None,30032
153800000,153817000,SOUTH UPI,Mun,4th*,None,40178
153800000,153818000,BARIRA,Mun,4th,None,30004
153800000,153819000,GEN. S.K. PENDATUN,Mun,4th*,None,28103
153800000,153820000,MAMASAPANO,Mun,5th,None,24800
153800000,153821000,TALITAY,Mun,-,None,14863
153800000,153822000,PAGAGAWAN,Mun,5th,None,34820
153800000,153823000,PAGLAT,Mun,-,None,15920
153800000,153824000,SULTAN MASTURA,Mun,5th,None,22261
153800000,153825000,GUINDULUNGAN,Mun,-,None,19911
153800000,153826000,DATU SAUDI-AMPATUAN,Mun,4th,None,26427
153800000,153827000,DATU UNSAY,Mun,5th,None,11813
153800000,153828000,DATU ABDULLAH SANGKI,Mun,-,None,23878
153800000,153829000,RAJAH BUAYAN,Mun,-,None,23652
153800000,153830000,DATU BLAH T. SINSUAT,Mun,-,None,25024
153800000,153831000,DATU ANGGAL MIDTIMBANG,Mun,-,None,25016
153800000,153832000,MANGUDADATU,Mun,-,None,25046
153800000,153833000,PANDAG,Mun,-,None,25057
153800000,153834000,NORTHERN KABUNTALAN,Mun,5th*,None,25232
153800000,153835000,DATU HOFFER AMPATUAN,Mun,-,None,25012
153800000,153836000,DATU SALIBO,Mun,-,None,14947
153800000,153837000,SHARIFF SAYDONA MUSTAPHA,Mun,-,None,19855
156600000,156601000,INDANAN,Mun,3rd,None,80883
156600000,156602000,JOLO (Capital),Mun,1st,None,125564
156600000,156603000,KALINGALAN CALUANG,Mun,5th,None,31567
156600000,156604000,LUUK,Mun,3rd,None,32162
156600000,156605000,MAIMBUNG,Mun,5th,None,37914
156600000,156606000,HADJI PANGLIMA TAHIL (MARUNGGAS),Mun,6th,None,6375
156600000,156607000,OLD PANAMAO,Mun,4th,None,40998
156600000,156608000,PANGUTARAN,Mun,4th,None,30613
156600000,156609000,PARANG,Mun,2nd,None,62172
156600000,156610000,PATA,Mun,5th,None,22163
156600000,156611000,PATIKUL,Mun,3rd,None,62287
156600000,156612000,SIASI,Mun,2nd,None,67705
156600000,156613000,TALIPAO,Mun,1st,None,80255
156600000,156614000,TAPUL,Mun,5th,None,18197
156600000,156615000,TONGKIL,Mun,4th,None,24161
156600000,156616000,PANGLIMA ESTINO (NEW PANAMAO),Mun,5th,None,28817
156600000,156617000,LUGUS,Mun,5th,None,21897
156600000,156618000,PANDAMI,Mun,4th,None,25885
156600000,156619000,OMAR,Mun,-,None,25116
157000000,157001000,PANGLIMA SUGALA (BALIMBING),Mun,3rd,None,44184
157000000,157002000,BONGAO (Capital),Mun,2nd,None,100527
157000000,157003000,MAPUN (CAGAYAN DE TAWI-TAWI),Mun,4th,None,26597
157000000,157004000,SIMUNUL,Mun,4th,None,31223
157000000,157005000,SITANGKAI,Mun,1st,None,33334
157000000,157006000,SOUTH UBIAN,Mun,3rd,None,25935
157000000,157007000,TANDUBAS,Mun,2nd,None,29390
157000000,157008000,TURTLE ISLANDS,Mun,5th,None,4727
157000000,157009000,LANGUYAN,Mun,1st,None,33494
157000000,157010000,SAPA-SAPA,Mun,3rd,None,30917
157000000,157011000,SIBUTU,Mun,-,None,30387
160200000,160201000,BUENAVISTA,Mun,1st,None,61614
160200000,160202000,CITY OF BUTUAN (Capital),City,1st,None,337063
160200000,160203000,CITY OF CABADBARAN,City,6th,None,73639
160200000,160204000,CARMEN,Mun,4th,None,20839
160200000,160205000,JABONGA,Mun,3rd,None,23184
160200000,160206000,KITCHARAO,Mun,4th,None,18659
160200000,160207000,LAS NIEVES,Mun,2nd,None,28414
160200000,160208000,MAGALLANES,Mun,4th,None,21007
160200000,160209000,NASIPIT,Mun,3rd,None,41957
160200000,160210000,SANTIAGO,Mun,4th,None,24200
160200000,160211000,TUBAY,Mun,4th,None,24932
160200000,160212000,REMEDIOS T. ROMUALDEZ,Mun,5th,None,16058
160300000,160301000,CITY OF BAYUGAN,City,5th,None,103202
160300000,160302000,BUNAWAN,Mun,1st,None,45151
160300000,160303000,ESPERANZA,Mun,1st,None,54801
160300000,160304000,LA PAZ,Mun,1st,None,28217
160300000,160305000,LORETO,Mun,1st,None,42501
160300000,160306000,PROSPERIDAD (Capital),Mun,1st,None,82631
160300000,160307000,ROSARIO,Mun,2nd,None,46683
160300000,160308000,SAN FRANCISCO,Mun,1st,None,74542
160300000,160309000,SAN LUIS,Mun,1st,None,32109
160300000,160310000,SANTA JOSEFA,Mun,3rd,None,26729
160300000,160311000,TALACOGON,Mun,2nd,None,38374
160300000,160312000,TRENTO,Mun,1st,None,51565
160300000,160313000,VERUELA,Mun,2nd,None,43706
160300000,160314000,SIBAGAT,Mun,1st,None,30442
166700000,166701000,ALEGRIA,Mun,5th,None,16011
166700000,166702000,BACUAG,Mun,5th,None,14486
166700000,166704000,BURGOS,Mun,6th,None,4034
166700000,166706000,CLAVER,Mun,2nd,None,32773
166700000,166707000,DAPA,Mun,4th,None,23787
166700000,166708000,DEL CARMEN,Mun,5th,None,18392
166700000,166710000,GENERAL LUNA,Mun,5th,None,16771
166700000,166711000,GIGAQUIT,Mun,4th,None,20864
166700000,166714000,MAINIT,Mun,4th,None,26741
166700000,166715000,MALIMONO,Mun,5th,None,18054
166700000,166716000,PILAR,Mun,5th,None,9752
166700000,166717000,PLACER,Mun,4th,None,27094
166700000,166718000,SAN BENITO,Mun,6th,None,5404
166700000,166719000,SAN FRANCISCO (ANAO-AON),Mun,5th,None,14552
166700000,166720000,SAN ISIDRO,Mun,5th,None,7325
166700000,166721000,SANTA MONICA (SAPAO),Mun,5th,None,8808
166700000,166722000,SISON,Mun,5th,None,13155
166700000,166723000,SOCORRO,Mun,4th,None,22314
166700000,166724000,CITY OF SURIGAO (Capital),City,3rd,None,154137
166700000,166725000,TAGANA-AN,Mun,5th*,None,16428
166700000,166727000,TUBOD,Mun,5th,None,14206
166800000,166801000,BAROBO,Mun,3rd,None,49730
166800000,166802000,BAYABAS,Mun,5th,None,8164
166800000,166803000,CITY OF BISLIG,City,3rd,None,94535
166800000,166804000,CAGWAIT,Mun,4th,None,20384
166800000,166805000,CANTILAN,Mun,2nd,None,31492
166800000,166806000,CARMEN,Mun,5th,None,10347
166800000,166807000,CARRASCAL,Mun,4th,None,22479
166800000,166808000,CORTES,Mun,4th,None,15912
166800000,166809000,HINATUAN,Mun,2nd,None,39842
166800000,166810000,LANUZA,Mun,4th,None,12001
166800000,166811000,LIANGA,Mun,4th,None,29493
166800000,166812000,LINGIG,Mun,2nd,None,31485
166800000,166813000,MADRID,Mun,4th,None,15223
166800000,166814000,MARIHATAG,Mun,3rd,None,18518
166800000,166815000,SAN AGUSTIN,Mun,4th,None,22779
166800000,166816000,SAN MIGUEL,Mun,1st,None,39340
166800000,166817000,TAGBINA,Mun,2nd,None,38833
166800000,166818000,TAGO,Mun,2nd,None,35329
166800000,166819000,CITY OF TANDAG (Capital),City,5th,None,56364
168500000,168501000,BASILISA (RIZAL),Mun,4th*,None,36880
168500000,168502000,CAGDIANAO,Mun,3rd,None,16808
168500000,168503000,DINAGAT,Mun,5th,None,10632
168500000,168504000,LIBJO (ALBOR),Mun,5th,None,17760
168500000,168505000,LORETO,Mun,4th*,None,9309
168500000,168506000,SAN JOSE (Capital),Mun,4th*,None,27487
168500000,168507000,TUBAJON,Mun,5th*,None,8276